t,state,phase,stance,n_steps,contact_l,contact_r,pelvis_x,pelvis_y,pelvis_z,vx,vy,pitch_deg,roll_deg,hip_corr,roll_corr,ankle_corr,p_land_x_rel,stance_ankle_x_rel,foot_l_z,foot_r_z,foot_l_x_rel,foot_r_x_rel,tau_st_hip_pitch,lim_st_hip_pitch,tau_sw_hip_pitch,tau_st_knee,lim_st_knee,tau_sw_knee,tau_st_ankle,lim_st_ankle,tau_sw_ankle
0.002,WALK,-1.4500000000000002,l,1,False,False,0.0,0.0,0.7140000000000001,0.0,0.0,0.0,-0.0,-13.615310706355771,0.0,0.0023457279999999996,-1.0053119999999998e-05,0.0,0.05400000000000005,0.05400000000000005,0.0,0.0,-18.173116557131294,540.0,-4.558259049494476,-26.226879286932956,270.0,-26.227785682953993,-10.913769074698015,270.0,-10.916568000000101
0.012,WALK,-1.4300000000000002,l,1,False,False,6.881188419808338e-05,1.1163192418243565e-05,0.7135416242947512,0.00494192324477725,0.0008345773644315871,-0.010565053684329149,0.0028244622151924383,-16.360808785749715,-0.3975581341414999,-0.26261737913440747,0.0023609838646274873,-6.881188419808338e-05,0.05319381092129122,0.05325927425062188,8.645763298475439e-05,0.00019504956080370616,-6.511809586908054,540.0,4.806980555184374,1.1016217744787227,270.0,-2.268694247676599,0.019097370673999026,270.0,0.20507358106973683
0.022000000000000006,WALK,-1.4100000000000001,l,1,False,False,0.00015183213365823334,3.132992927077103e-05,0.7121255635627441,0.007151439188720819,0.001655305392541624,-0.025589265002238258,0.007574046391382511,-16.794924895783023,-0.5124354282432066,-0.22435677521045727,0.00274938883379645,-0.00015183213365823334,0.05115308217218273,0.05132873675974692,0.00012076239764947382,0.0006431758462882105,-4.051441339060615,540.0,4.302854435224713,2.918609815641698,270.0,-0.03979463853178089,0.10273236883446712,270.0,0.1865803853251773
0.032000000000000015,WALK,-1.3900000000000001,l,1,True,True,0.0002929514264681718,6.454556150021494e-05,0.7099621656030728,0.013249241367607804,0.002984356624685199,-0.06869047703156231,0.019139881971965183,-32.074527609802075,-2.0450220390873497,-0.3510250077325457,0.0048167032321842895,-0.0002929514264681718,0.048668969952342434,0.048855720265701064,-6.697264100321318e-05,0.001077077548904495,-30.399518788632292,540.0,-3.9193649222581435,-38.46456750418112,270.0,-36.60966729737046,-21.597120051025804,270.0,-7.1149392645948595
0.04200000000000002,WALK,-1.37,l,1,True,True,0.000776327743913914,0.00012698974821537026,0.7083922910465332,0.03891514720545595,0.005302166265622877,-0.23427897818741664,0.05188069852447502,-57.739726002523184,-4.132272785152407,-1.7449132963819154,0.017206986643000768,-0.000776327743913914,0.047857461301646864,0.04798018744440563,-0.0005915888883959621,0.0008395907328901206,-44.573216252624405,540.0,7.9369678536547745,-51.13961796656797,270.0,-52.46825588221023,-31.243253462752513,270.0,-24.093488040208094
0.05200000000000003,WALK,-1.35,l,1,True,True,0.0015102821415689633,0.000202283067657594,0.7077065417795343,0.06286636692623127,0.006812421959453384,-0.4903464761371137,0.10324318931304502,-71.58565002347652,-5.9759792371201215,-2.920930356836187,0.02823486468942719,-0.0015102821415689633,0.047888826099237725,0.047996232401466,-0.001340619416975702,0.00019947515132669505,-42.023399571391714,540.0,23.409546419809796,-43.31872741962371,270.0,-47.1830400052268,-29.555745565089026,270.0,-24.60629483566447
0.06200000000000004,WALK,-1.33,l,1,True,True,0.002269657828179912,0.00026701431522679187,0.7076004484446297,0.07120751111910593,0.006440810081658736,-0.7740886412775785,0.16746980348122822,-73.97815573721392,-7.149854394744374,-2.911102930337413,0.030278033195508255,-0.002269657828179912,0.04818687125842308,0.04830266876678063,-0.0021051189798357473,-0.0005024641360042059,-34.623938000713125,540.0,32.27268737844995,-34.77889574089842,270.0,-40.21316689267251,-24.966037133902773,270.0,-21.310367482010694
0.07200000000000005,WALK,-1.31,l,1,True,True,0.0028912658889276906,0.0002961255339793064,0.7077629524363089,0.06400650335287213,0.003795936528381455,-1.038657267353759,0.2360603607651069,-69.29254499210039,-7.503633490403207,-1.7248896667010452,0.02339401012407965,-0.0028912658889276906,0.04852656163659269,0.04865969981545304,-0.002730848078371184,-0.00107348456060089,-27.085693462407846,540.0,34.52317449101452,-29.744688035739056,270.0,-35.76420359677696,-19.88528933596451,270.0,-17.61674465942101
0.08200000000000006,WALK,-1.29,l,1,True,True,0.0033023648810136023,0.000273026238094798,0.7079914135183518,0.047304091755069236,-0.0006419452601534687,-1.2596391452422595,0.30148524181587655,-61.53592786920562,-7.221981701646864,0.21015306514515797,0.01092536694528806,-0.0033023648810136023,0.04882781195235286,0.048977213717431856,-0.003148582913733882,-0.0014383256313865492,-21.09489118499367,540.0,32.708523461922844,-27.955629568074343,270.0,-33.55269648134129,-15.06275719396407,270.0,-14.576520388107348
0.09200000000000007,WALK,-1.27,l,1,True,True,0.0034986348015321567,0.0001939221183210305,0.7081805638736516,0.027515985209786525,-0.00584508921222378,-1.43019304221566,0.3593526254073462,-53.49654544374245,-6.621998242426043,2.440221643314949,-0.0035790964546174374,-0.0034986348015321567,0.04906914456558292,0.04922525528903726,-0.003355073491592263,-0.0015987092268626257,-17.02833329984469,540.0,28.99269275886663,-28.198436634163222,270.0,-32.81221137654145,-10.753512411835269,270.0,-12.143508280289852
0.10200000000000008,WALK,-1.25,l,1,True,True,0.0035172357463517877,6.55999264187413e-05,0.7082887352309349,0.009381853166968705,-0.010799453532308777,-1.554762106424295,0.408480016630347,-46.78487031527782,-5.978976620570764,4.628835206312197,-0.017492401878167238,-0.0035172357463517877,0.04925035623403007,0.04940257424825362,-0.0033878929428304504,-0.0015911890793608384,-14.686341614479133,540.0,24.930921516502572,-29.340654713020992,270.0,-32.82634489161225,-7.03897687165098,270.0,-10.110585480665236
0.11200000000000009,WALK,-1.23,l,1,True,True,0.0034137184955972144,-9.997179806526557e-05,0.7083074111497163,-0.004423095857919827,-0.014846868138090075,-1.643428767574826,0.44999528459344945,-42.10075090887432,-5.485774102443647,6.584025158054397,-0.029323024641855943,-0.0034137184955972144,0.049375272844926765,0.04951712574954509,-0.0033037119029320516,-0.0014677185419491056,-13.726435357162014,540.0,21.40772152065105,-30.72428360804795,270.0,-33.248723124531836,-3.976456861948982,270.0,-8.410121858923354
0.1220000000000001,WALK,-1.21,l,1,True,True,0.00324649308442098,-0.0002882278543048094,0.7082444747178444,-0.012897800733992852,-0.0176089622019152,-1.7080666748381572,0.48649889851731515,-39.57896025733146,-5.261687298552295,8.23101321937951,-0.03850022112369611,-0.00324649308442098,0.04945199821745744,0.04958208364962652,-0.003161953818177902,-0.0012844985656353318,-13.818451842134877,540.0,18.84040822517326,-32.06989518314006,270.0,-33.93482117959612,-1.5113699919322805,270.0,-7.03349445893094
0.1320000000000001,WALK,-1.19,l,1,True,True,0.0030682305636179287,-0.00048421868322402875,0.7081151987901471,-0.01613465073604525,-0.018949361296125462,-1.759996205754938,0.5212256074615736,-39.01498869756644,-5.349887894404976,9.571562639523176,-0.04505464542482492,-0.0030682305636179287,0.0494925279240202,0.04961277019298621,-0.00301529005668607,-0.0010931296442899465,-14.6277656689469,540.0,17.34926370573109,-33.251482053469864,270.0,-34.78062623482681,0.4974643982407656,270.0,-5.933577897878566
0.1420000000000001,WALK,-1.17,l,1,True,True,0.0029217589184253553,-0.0006744756710862471,0.7079361432861084,-0.014839526875461324,-0.018930756939261703,-1.8086444424348875,0.5573681468311342,-40.016935972179894,-5.7381831126608365,10.650381089282305,-0.04935437210150378,-0.0029217589184253553,0.049509553677261675,0.04962278264317671,-0.002905643445411605,-0.0009354907607730619,-15.838534605273935,540.0,16.86005659128191,-34.2202228316816,270.0,-35.71090852309827,2.2117772749261277,270.0,-5.026557590384367
0.1520000000000001,WALK,-1.15,l,1,True,True,0.002838977836090433,-0.0008482108812295978,0.7077212744330802,-0.009977964531160564,-0.017760631874248804,-1.860957964047034,0.5976209461960615,-42.12421429187886,-6.375468911037329,11.530352045181251,-0.05191028561213836,-0.002838977836090433,0.04951364673575254,0.0496222024428552,-0.0028638520091374066,-0.0008423295000766985,-17.179788135204618,540.0,17.183217021319138,-34.98362757978213,270.0,-36.69088433730849,3.754624158982252,270.0,-4.212730775532173
0.16200000000000012,WALK,-1.13,l,1,True,True,0.0028416461462120474,-0.0009980025894326572,0.7074803036137907,-0.002539634535815057,-0.01573396324886145,-1.921346335292181,0.6439531930942373,-44.889142026094746,-7.1968590631836715,12.276048465507067,-0.05324654491469834,-0.0028416461462120474,0.04951217490792409,0.0496175105388062,-0.0029113265253996063,-0.0008342949450746168,-18.44519124500289,540.0,18.07816821303453,-35.58309673093849,270.0,-37.71469871454654,5.207009746063083,270.0,-3.407608392586744
0.17200000000000013,WALK,-1.1099999999999999,l,1,True,True,0.00294324400328695,-0.001119617405059484,0.707218653713408,0.006607630328262245,-0.01315909355092958,-1.991974156772795,0.6976009347758979,-47.9285588496553,-8.139147830939912,12.943514645021658,-0.05382029803945583,-0.00294324400328695,0.049509496956132604,0.049612265811776246,-0.0030613678596368,-0.0009241184094486554,-19.49688183473384,540.0,19.30909818322207,-36.07325020529266,270.0,-38.79054842609189,6.652661113596033,270.0,-2.5526086829924832
0.18200000000000013,WALK,-1.0899999999999999,l,1,True,True,0.0031512698275493523,-0.0012112526767721868,0.706938191746766,0.016790293843539698,-0.010294064153212452,-2.073216014665374,0.7591927206803009,-50.93973049941129,-9.154577404897708,13.575194118952238,-0.05398182990605324,-0.0031512698275493523,0.04950771155606548,0.04960795730898848,-0.0033216085362413384,-0.0011190308930073057,-20.241080458573272,540.0,20.668807244415923,-36.52284232002483,270.0,-39.92961559930053,8.090791249228136,270.0,-1.6070037902885312
0.19200000000000014,WALK,-1.0699999999999998,l,1,True,True,0.0034689742754652167,-0.0012720393267227703,0.7066388438553911,0.027509296167904616,-0.007276823878428545,-2.1640715145218086,0.82902932604645,-53.682046812683,-10.223439843001222,14.201317076246696,-0.05312267595802385,-0.0034689742754652167,0.04950860804016449,0.04960477566262206,-0.0036979137460517422,-0.0014224302156700367,-20.59658652308896,540.0,21.970761041153665,-36.99285495822112,270.0,-41.12292974697376,9.381943661851915,270.0,-0.5212619353995116
0.20200000000000015,WALK,-1.0499999999999998,l,1,True,True,0.0038967506418466974,-0.001301942935460055,0.7063197871127083,0.03841970180642465,-0.004216403496085172,-2.2625495142182808,0.907158580558665,-55.99105754860393,-11.315827757845256,14.841325001550295,-0.050395074548393835,-0.0038967506418466974,0.049513791035067145,0.04960226380402771,-0.004193523595145027,-0.0018351828308093626,-20.54279927813071,540.0,23.086169669797798,-37.484318244993084,270.0,-42.35966678410704,10.66775818305479,270.0,0.7225121769797056
0.21200000000000016,WALK,-1.0299999999999998,l,1,True,True,0.004434017648163462,-0.0013021836476088864,0.7059794826912472,0.04935256527598556,-0.001227061113019142,-2.3661229940503414,0.9933721460854157,-57.78282494675097,-12.41475426615148,15.502340078681032,-0.0476618586810036,-0.004434017648163462,0.049523733529159286,0.0495998814031447,-0.00480833621110972,-0.002357184419768992,-20.084053062190215,540.0,23.919085538489817,-38.007668140238295,270.0,-43.64239168077796,11.982618627369847,270.0,2.1134904663134755
0.22200000000000017,WALK,-1.0099999999999998,l,1,True,True,0.0050804537520268665,-0.0012746173713141145,0.7056161155737004,0.060274053647606345,0.0016052808213714402,-2.472068174115538,1.087311314205023,-59.01717330018032,-13.501293889197516,16.18202661266758,-0.04493148658809841,-0.0050804537520268665,0.04953833537464797,0.04959739298766347,-0.005540926890991945,-0.0029886177913210875,-19.22814910559643,540.0,24.425298285453852,-38.59393091911873,270.0,-44.96178554612602,13.234248399588173,270.0,3.62871725404675
0.23200000000000018,WALK,-0.9899999999999998,l,1,True,True,0.005836065319104949,-0.0012220224584838925,0.7052283306730488,0.07119495839230887,0.004202740732571338,-2.577559678870529,1.188629253076347,-59.66345657026022,-14.59195281820275,16.8749252005384,-0.04220126040192278,-0.005836065319104949,0.049558210952274306,0.04959464620897952,-0.006391277564039909,-0.003730229553064051,-17.973330852369912,540.0,24.570991364311833,-39.21629002999917,270.0,-46.3028987433745,14.441204439908597,270.0,5.269993652241212
0.2420000000000002,WALK,-0.9699999999999998,l,1,True,True,0.006700323531495402,-0.0011454364066703054,0.7048173849375138,0.08206401106667409,0.006669218251619554,-2.679690715863538,1.2974980765227302,-59.65807212959945,-15.767125578174745,17.579920633332836,-0.03948399723333148,-0.006700323531495402,0.04958775388787501,0.0495918906033701,-0.007359462963917253,-0.00458229610231405,-16.33080398866538,540.0,24.337674881234744,-39.99464271695028,270.0,-47.574358151522496,14.514728726490317,270.0,6.994618530058571
0.25200000000000017,WALK,-0.9499999999999997,l,1,True,True,0.007669654231510605,-0.0010443048519990657,0.7043882595404286,0.09266561455616089,0.009129554486758845,-2.775129529045479,1.41472268702084,-58.91731676195531,-17.045697949017168,18.30740070906876,-0.03683359636095978,-0.007669654231510605,0.04963366952512088,0.049589841844661364,-0.008443603023883046,-0.005542303940540773,-14.206020316657934,540.0,23.665748102948832,-40.619887636346846,270.0,-48.75130625772661,14.49336962416112,270.0,8.823462157378613
0.2620000000000002,WALK,-0.9299999999999997,l,1,True,True,0.008739906407719348,-0.0009181839179810613,0.7039437055403892,0.1028997218928601,0.011619828165298104,-2.8604770855577892,1.5409069018531996,-57.43899403277271,-18.40427144183398,19.059664715499814,-0.034275069526784975,-0.008739906407719348,0.04969578541321201,0.04958893484937715,-0.00963745696248902,-0.006607696204988493,-11.604442071417893,540.0,22.507000790312105,-41.09551439878494,270.0,-49.89671480824652,14.383468997259314,270.0,10.583358772738173
0.2720000000000002,WALK,-0.9099999999999997,l,1,True,True,0.009906664065347461,-0.0007666323970997841,0.7034852548886253,0.11271497444866638,0.014149970236594301,-2.9324264205379866,1.6763083320041843,-55.23199054161056,-19.8111274479778,19.835603756593382,-0.0318212563878334,-0.009906664065347461,0.04977270951483398,0.049590301652410074,-0.010934513466557052,-0.007777469128552152,-8.52985376791132,540.0,20.839009927309384,-41.414390325865966,270.0,-50.99542260286101,14.183975624191964,270.0,12.303156919060083
0.2820000000000002,WALK,-0.8899999999999997,l,1,True,True,0.011165695282837156,-0.0005881700206988303,0.7030132724341079,0.12210981769078239,0.016785772591829864,-2.9878981097780124,1.8209108814191228,-52.33819762960005,-21.21409766051118,20.63062264964526,-0.029472545577304398,-0.011165695282837156,0.04986206513367658,0.04959360761213649,-0.012327953314860012,-0.009048978105125931,-4.998109402959436,540.0,18.6363435466642,-41.58325680445432,270.0,-52.10531293616853,13.900280153018938,270.0,13.687049369327983
0.2920000000000002,WALK,-0.8699999999999997,l,1,True,True,0.012511691513747364,-0.00038602810513848446,0.7025288115840992,0.13100139043631273,0.019222779520315845,-3.0239181142197036,1.9737893951933025,-48.74266140730172,-22.562950293266596,21.44581767745813,-0.027249652390921815,-0.012511691513747364,0.04996095820814267,0.04960267769301596,-0.01380956213570927,-0.010420753373606118,-1.0349085031834235,540.0,15.986034501319768,-41.606831548452774,270.0,-52.99519718584022,13.536150064566339,270.0,15.44324003624093
0.3020000000000002,WALK,-0.8499999999999996,l,1,True,True,0.013940278226989069,-0.00016213865035496263,0.7020297629333645,0.1394400168440687,0.02146604782801575,-3.0377741678064267,2.134544892467388,-44.50984380213158,-23.88793702014744,22.272962148915223,-0.025139995788982822,-0.013940278226989069,0.05006570586382497,0.04961144049320232,-0.01537144938054963,-0.011884051628606425,3.3230534651182353,540.0,12.824979708293547,-41.50774808204142,270.0,-54.104331239519496,13.10825435398265,270.0,15.873870942204583
0.3120000000000002,WALK,-0.8299999999999996,l,1,True,True,0.01544372794468841,8.030131371889255e-05,0.7015179329817424,0.14718193449760034,0.02344134679002468,-3.0265159556737617,2.3024576100708085,-39.51167282316474,-25.190980033327996,23.124415433168004,-0.023204516375599914,-0.01544372794468841,0.05017304415907259,0.0496281852144177,-0.017002320448940268,-0.01343735758602708,8.110453110426775,540.0,9.27641485567948,-41.21142832327147,270.0,-55.02660029965562,12.598310863903567,270.0,16.127271269099847
0.32200000000000023,WALK,-0.8099999999999996,l,1,True,True,0.017012020498509497,0.0003423417730693045,0.7009936736568251,0.15401744767452,0.02542429081771055,-2.986895734666358,2.477777955489016,-33.72825735325526,-26.57312670902482,24.010152230783632,-0.021495638081370002,-0.017012020498509497,0.05028010810731964,0.04964903105569535,-0.01868829368084329,-0.015066742787128187,13.322356162198375,540.0,5.299545788441206,-40.733797429550634,270.0,-55.80400818698297,12.006716161864954,270.0,16.33101214944343
0.33200000000000024,WALK,-0.7899999999999996,l,1,True,True,0.018634672174614016,0.0006282402208654778,0.7004544793965017,0.15985000427768328,0.027710268946863223,-2.9157036145217914,2.661416221515859,-27.166987263807684,-28.08304153486403,24.9322271885622,-0.020037498930579177,-0.018634672174614016,0.05038337702303436,0.04966798630544661,-0.020413849383900375,-0.016757073149998865,18.936504967606048,540.0,0.8920962902029359,-40.10686345292218,270.0,-56.47922758543015,11.345800833966848,270.0,16.497886680796498
0.34200000000000025,WALK,-0.7699999999999996,l,1,True,True,0.0203012822395918,0.0009447432035295619,0.699895965203825,0.16465660716062538,0.03056312531703644,-2.8098825070189566,2.8546117393126202,-19.85322372135133,-29.749601505467965,25.887546106756254,-0.01883584820984365,-0.0203012822395918,0.050479668373311304,0.04967795294796612,-0.02216212337930496,-0.018492587000953527,24.90986767088396,540.0,-3.914573778028836,-39.396174267322934,270.0,-57.074173318915584,10.634312529313805,270.0,16.634441780297948
0.35200000000000026,WALK,-0.7499999999999996,l,1,True,True,0.022001642405175322,0.0012998825980061121,0.6993124270323691,0.16844032162667297,0.03414334826768485,-2.6665195405104787,3.0586320570709566,-11.792668059438178,-31.570581092358125,26.871190414132915,-0.01788991959333176,-0.022001642405175322,0.05056562299621992,0.049671268224814435,-0.023915231236224906,-0.02025703173567869,31.2512408299592,540.0,-9.088721805580144,-38.597628639637406,270.0,-57.60167172746563,9.867489323730688,270.0,16.74501236163946
0.36200000000000027,WALK,-0.7299999999999995,l,1,True,True,0.02372553846200048,0.0017026481166599857,0.6986971514225583,0.17120416671650213,0.03857947616463485,-2.4827773062727236,3.274748763526739,-2.9987390209964317,-33.57070899035456,27.87824477784488,-0.017198958320874463,-0.02372553846200048,0.0506370097449626,0.049639881088819615,-0.02565212822037449,-0.02203347999019439,37.827530792108504,540.0,-14.54850956225747,-37.82292954031476,270.0,-58.05666032701822,9.0917707249483,270.0,16.826589176904935
0.3720000000000003,WALK,-0.7099999999999995,l,1,True,True,0.02546367713615282,0.00216420540908282,0.698044175535688,0.17301768359861225,0.044052758351525466,-2.256055028669826,3.5045105225171524,6.477264740632741,-35.7804965225985,28.899137316097168,-0.01674557910034694,-0.02546367713615282,0.05069463039622063,0.04957542944790283,-0.027343838427120754,-0.023805066331468328,44.45738698217314,540.0,-20.142108073752,-37.3128387026306,270.0,-58.390211863622895,8.395456631538735,270.0,16.866023852704075
0.3820000000000003,WALK,-0.6899999999999995,l,1,True,True,0.02720658096228512,0.0026950259181882227,0.697355839381984,0.17384333945655112,0.050550526160254516,-1.9841080901682195,3.7488715160243715,16.538158008480714,-37.998744242210805,29.931791326041445,-0.01653916513586222,-0.02720658096228512,0.05074849023228323,0.04947764055735987,-0.02895739608211645,-0.025560171469089704,50.97590289762996,540.0,-26.214342147453713,-37.03793354901368,270.0,-59.81316831284295,7.840351314901412,270.0,9.566856024060112
0.3920000000000003,WALK,-0.6699999999999995,l,1,True,True,0.028924369902684096,0.003289155861939566,0.696699562909772,0.1722157267297424,0.05682591932698802,-1.665344080236919,4.001161134018194,26.929647606749278,-39.355635018156285,31.074081336918056,-0.016946068317564397,-0.028924369902684096,0.05085005704968942,0.049436232950658465,-0.030391604563709592,-0.027320372505173825,56.31278586530592,540.0,-32.38520764977207,-37.285247718324406,270.0,-59.44015925847482,7.517854162801186,270.0,0.5961575643493466
0.4020000000000003,WALK,-0.6499999999999995,l,1,True,True,0.030596338285669034,0.003931410841730104,0.6961320061601796,0.16854755562547655,0.062047833490320226,-1.3004927264376853,4.255392063965895,37.05593360828896,-40.378111757607876,32.292413634216665,-0.017863111093630858,-0.030596338285669034,0.05107423346462481,0.049422490066569236,-0.03151760856653389,-0.029035657392370424,59.96909151202681,540.0,-37.58704562787924,-38.30830262200557,270.0,-57.13999152607232,7.362508509607856,270.0,-6.428632897339384
0.4120000000000003,WALK,-0.6299999999999994,l,1,True,True,0.0321933607207419,0.004604360642879788,0.695651177066903,0.16201953387118725,0.06554964910094095,-0.8900780299027323,4.501817411454255,46.90817607513221,-39.52950750652294,33.639434677016915,-0.01949511653220319,-0.0321933607207419,0.05119467292344998,0.04941958223111015,-0.031914593408141165,-0.030669450652965682,60.586491369834434,540.0,-42.627705978284965,-28.76140654349429,270.0,-54.86461092203318,6.913673258802355,270.0,-14.525202468160451
0.4220000000000003,WALK,-0.6099999999999994,l,1,True,True,0.03372950676218378,0.005259864446447786,0.6952493517173797,0.15597933668300204,0.06545046076382921,-0.4478089069803107,4.7239521067857835,53.25373818993443,-37.771420920910245,34.87610320018989,-0.021005165829249495,-0.03372950676218378,0.05126989045823571,0.04942612258847723,-0.03138917326906085,-0.032234876552076214,57.16907685486903,540.0,-45.32452875137418,-27.161115833881787,270.0,-51.59942072598372,7.5755925287603,270.0,-23.89168800312484
0.43200000000000033,WALK,-0.5899999999999994,l,1,False,True,0.035231105658404586,0.005881390672913258,0.6949481730864793,0.15167077290340053,0.06313007995895792,0.012802410367100725,4.917216443708236,58.658514528285444,-35.51733742509893,35.0,-0.022082306774149872,-0.035231105658404586,0.051431823909935614,0.0494469174892147,-0.030149014614176427,-0.03375798096572904,55.270661510828376,540.0,-46.76267480048493,-15.902483911033684,270.0,-47.98287514347023,-1.5766553383944881,270.0,-33.51630801292299
0.44200000000000034,WALK,-0.5699999999999994,l,1,False,True,0.03671060531576537,0.00644357165822377,0.6947479510228299,0.14909488677343374,0.05833249034155233,0.48038220354816347,5.07548382739487,61.05630197043354,-33.17038446884591,35.0,-0.02272627830664157,-0.03671060531576537,0.0516289074718313,0.049483175452873285,-0.02818932594921828,-0.035246623245045246,49.89410464004193,540.0,-46.14279641631016,-18.89236704696109,270.0,-43.50993345779148,-1.6024185988873398,270.0,-43.084003487449465
0.45200000000000035,WALK,-0.5499999999999994,l,1,False,True,0.03815291386453035,0.00694060349938546,0.6946245703183473,0.14586340969973882,0.051954614841668294,0.9491244121447515,5.192884233904265,61.78635356108366,-29.293121192185566,35.0,-0.023534147575065292,-0.03815291386453035,0.05166779035224678,0.04953681297505674,-0.02539116394084595,-0.03668183372836978,41.62815161605348,540.0,-44.8946933945697,-20.202756145635533,270.0,-39.54540829605503,-1.7021001134968543,270.0,-53.161205621521525
0.46200000000000035,WALK,-0.5299999999999994,l,1,True,True,0.03957922338555094,0.007363130107797606,0.694589182345954,0.1435752073748985,0.04495474577135658,1.4068953024529476,5.269955583797334,60.849270639133856,-25.50616339407007,35.0,-0.02410619815627537,-0.03957922338555094,0.05177130881568487,0.049604838959418585,-0.02211265821125482,-0.03808534938362942,33.60255066533694,540.0,-42.74505502818185,-20.23028091168205,270.0,-35.513716884721504,9.138769859220652,270.0,-63.10160616311545
0.47200000000000036,WALK,-0.5099999999999993,l,1,False,True,0.040957579256294514,0.007715207820939507,0.694666396057866,0.13915349207914976,0.038108387942941524,1.8514962265486938,5.311483920403199,61.08887861650446,-23.309919648976532,35.0,-0.025211626980212558,-0.040957579256294514,0.05208263704371552,0.04968462135618201,-0.018637406247504713,-0.039422665168977834,30.367675554172905,540.0,-40.612462152083786,-16.935037134367406,270.0,-30.176227163969685,-1.146644774856135,270.0,-71.65135375503507
0.4820000000000004,WALK,-0.4899999999999993,l,1,False,True,0.04220209122814461,0.008034011315961771,0.6949497411434806,0.12831054749900134,0.033695167755596944,2.295199755699567,5.337448727688977,63.46417347749636,-21.855895781386465,35.0,-0.027922363125249663,-0.04220209122814461,0.05268709007680644,0.0498017917261766,-0.015406300207282286,-0.04059535151037447,29.78373168295657,540.0,-40.8754081575336,-15.63981778671046,270.0,-27.026070459786826,-1.036658791925305,270.0,-77.57079712759608
0.4920000000000004,WALK,-0.4699999999999993,l,1,True,True,0.04328391487316604,0.008312064864298526,0.6954705886026477,0.11385146374286802,0.02948669206650346,2.740090414656493,5.348459179537148,65.59263171476178,-20.568364905974942,35.0,-0.031537134064283,-0.04328391487316604,0.05356081730519385,0.05009322842323177,-0.012408722266654564,-0.04153956630911492,28.952260959092563,540.0,-42.52667268373767,-22.489802942313844,270.0,-26.927621611890665,-28.821760177919543,270.0,-79.54471373299756
0.5020000000000003,WALK,-0.4499999999999993,l,1,True,True,0.04423409061807888,0.0085453208368544,0.6962136227427431,0.10046644851238751,0.024940061646267324,3.1784976004526824,5.336936587863713,65.37237901110656,-17.929367069996637,35.0,-0.03488338787190312,-0.04423409061807888,0.05461845683379396,0.05062580748549095,-0.009550011226798202,-0.04227292036338405,27.01364985947619,540.0,-43.88135599028823,-19.246810140054137,270.0,-28.45830316042703,-26.639795128731237,270.0,-81.3452929691367
0.5120000000000003,WALK,-0.42999999999999927,l,1,True,True,0.045082698030847655,0.008720308405305903,0.697191100178065,0.08946042836539206,0.019614855561063505,3.602014360694053,5.297891071146589,63.41053247214048,-15.102416066089273,35.0,-0.03763489290865198,-0.045082698030847655,0.05589234537880727,0.05138792019672461,-0.006837585600597072,-0.04282908543577398,25.11278387366518,540.0,-44.322617743337176,-14.125391414310116,270.0,-30.04239484848926,-17.388043553860044,270.0,-82.28058451099292
0.5220000000000004,WALK,-0.40999999999999925,l,1,False,True,0.04586909175755443,0.008839001660309409,0.6983789915273405,0.08193595445092555,0.0140853590276947,4.001723541101749,5.2265200487946055,59.24716285999169,-11.416855078964428,35.0,-0.03951601138726862,-0.04586909175755443,0.05726903653475701,0.05235330452076703,-0.004185433794021275,-0.04325480584110624,21.862353934028775,540.0,-43.913231234725814,-5.277248527495587,270.0,-32.09440225033635,-0.6964641593186727,270.0,-83.02763404465377
0.5320000000000004,WALK,-0.38999999999999924,l,1,True,True,0.0466284303739661,0.008899457363068792,0.6997585852816706,0.07789459154560431,0.008388358054119771,4.3686120168979965,5.119719845776016,53.45111870950693,-7.685134587083253,35.0,-0.04052635211359892,-0.0466284303739661,0.05869173571862546,0.05348853539598086,-0.0015207523812136511,-0.043592719357055325,16.9796787787538,540.0,-42.3312109521441,-6.377215608466727,270.0,-33.720281241758784,-14.334153014062807,270.0,-82.71224120408203
0.5420000000000004,WALK,-0.3699999999999992,l,1,False,True,0.04741109737505404,0.008905368760252207,0.7012717773252504,0.07840817060800612,0.002804725615626044,4.6911901568483625,4.9710661592423655,44.65675933197707,-2.893792244398032,35.0,-0.04039795734799846,-0.04741109737505404,0.06013725141117582,0.054758030228986676,0.0011184347549394597,-0.0439016895200139,11.247051288479753,540.0,-39.767947703776564,1.6864441028516168,270.0,-36.17300783249478,-0.25244659076534504,270.0,-82.40525534131437
0.5520000000000004,WALK,-0.3499999999999992,l,1,False,True,0.04825536003887198,0.008857900457396588,0.7028933219608414,0.08299394099480535,-0.002539600448233149,4.9600036779474905,4.779183801522437,33.93209572165857,1.9713261685369616,35.0,-0.039251514751298656,-0.04825536003887198,0.06157915536985131,0.056127269178408656,0.003679211949401774,-0.04422788281520445,4.911403128474465,540.0,-36.07960303580104,5.792249117094798,270.0,-38.4110782233608,0.010287978093117545,270.0,-81.10885952468823
0.5620000000000004,WALK,-0.3299999999999992,l,1,False,True,0.049206304529619674,0.00876167659102097,0.7045623337224657,0.09184628696982167,-0.007572267453993099,5.16502636891368,4.540127307476243,20.994449785609916,7.284679230503006,35.0,-0.03703842825754458,-0.049206304529619674,0.062940903850913,0.057557052815437326,0.0061365690154946,-0.04462720404557631,-2.1629371886949507,540.0,-31.324413148211555,9.160816221572595,270.0,-40.70058400028726,0.29091178741616375,270.0,-79.14596957568467
0.5720000000000004,WALK,-0.30999999999999917,l,1,False,True,0.05028882058839092,0.008628634663687188,0.7062602674660766,0.10369669837656277,-0.011584907000227206,5.301306647753234,4.258071441638146,7.143591427483955,12.168851733589332,35.0,-0.03407582540585931,-0.05028882058839092,0.06429150640774156,0.05901253052915589,0.008238262915037833,-0.04513443646687566,-8.573752400866006,540.0,-25.87884581187679,10.266465461351416,270.0,-42.51091683726461,0.35141948801872047,270.0,-76.13108499140371
0.5820000000000004,WALK,-0.28999999999999915,l,1,False,True,0.051513729265472236,0.008473945375157615,0.7079702464643294,0.11716638836004609,-0.014288872326489198,5.368931706689479,3.939037938364539,-6.6333218894889665,16.678461874483695,35.0,-0.03070840290998847,-0.051513729265472236,0.06559174276769042,0.06045734344567055,0.009799928813225778,-0.045773191193270335,-13.013714916960938,540.0,-20.20667676017788,11.375181549308422,270.0,-43.70046104861899,0.6247256028381969,270.0,-72.27957300661247
0.5920000000000004,WALK,-0.26999999999999913,l,1,False,True,0.05287231872742205,0.008310582432501771,0.7096627715223197,0.13045274681253063,-0.015669408359433614,5.373255634781022,3.588914761527847,-19.15883324365186,20.70650832890724,35.0,-0.02738681329686734,-0.05287231872742205,0.06678078777748414,0.06184880740380744,0.010706352430894094,-0.046551821643191944,-15.128928801292432,540.0,-14.943420402168776,12.178955738242195,270.0,-44.33360462389545,0.8594522404011542,270.0,-68.20921068517265
0.6020000000000004,WALK,-0.2499999999999991,l,1,False,True,0.05433700469108024,0.008154419406321087,0.7113000750019988,0.14173155655363237,-0.015542807920554914,5.324495444758328,3.2144848714892493,-29.49890906685036,24.180849553963256,35.0,-0.024567110861591912,-0.05433700469108024,0.06783304029474319,0.06313877802938483,0.010902504987059247,-0.04746348291266084,-15.050072730582876,540.0,-10.548837125849026,12.328477630598975,270.0,-44.37427992460343,1.0350167241808776,270.0,-64.38434101536157
0.6120000000000004,WALK,-0.2299999999999991,l,1,False,True,0.05586202429897766,0.008020067796171346,0.7128566250715417,0.1491318311403886,-0.013934332497978858,5.236579520700302,2.8245327397481454,-36.86869830904133,26.55124019546379,35.0,-0.02271704221490284,-0.05586202429897766,0.06874559184990425,0.06428384105238766,0.010418078721285862,-0.04848269507230091,-13.831266781625537,540.0,-7.252533792285278,10.963039723090631,270.0,-43.54906688972898,1.203881796769572,270.0,-60.837098260225964
0.6220000000000004,WALK,-0.20999999999999908,l,1,True,True,0.05739305803389004,0.007942959241968037,0.7143303235713112,0.1516919913476076,-0.009267312733568395,5.124552826706994,2.4361997059501572,-41.3936884724004,27.284718207457733,35.0,-0.02207700216309809,-0.05739305803389004,0.06952728813067793,0.06525516922659241,0.009413275606409324,-0.049570767101817084,-11.874132973604794,540.0,-5.203923042679684,10.1795063884612,270.0,-42.29246700412745,-4.0153290042602094,270.0,-58.058427586115386
0.6320000000000005,WALK,-0.18999999999999906,l,1,True,True,0.05889337053004905,0.007962535276473063,0.715690431672249,0.15032832173385668,-0.0011085486271556763,4.998764817611723,2.059668632303509,-44.36442812885472,27.578575321731265,35.0,-0.022417919566535827,-0.05889337053004905,0.07014180996911723,0.06603076139587327,0.008175504096069056,-0.05070501193842271,-10.048421104321463,540.0,-4.078443905650821,10.81508395821455,270.0,-41.098877704671146,-3.108306477718891,270.0,-56.38740279466443
0.6420000000000005,WALK,-0.16999999999999904,l,1,True,True,0.06034259431682053,0.008081870581255955,0.7168984373827291,0.14634072524042974,0.008206859772874477,4.864903362465532,1.6925617569245415,-46.362972433531425,28.276699245237765,35.0,-0.023414818689892564,-0.06034259431682053,0.0705936367020642,0.06660235242057189,0.006855094718038288,-0.05187271367599437,-8.630177233953198,540.0,-3.4186980474854702,10.483912217088744,270.0,-39.6931040300391,-3.278073207810152,270.0,-55.21110107042046
0.6520000000000005,WALK,-0.14999999999999902,l,1,True,True,0.06172490535509882,0.008286309679732104,0.7179352296679539,0.14045588125905645,0.016885342726098897,4.726963624666595,1.3299510563493446,-47.66435532547916,29.4029386113061,35.0,-0.024886029685235886,-0.06172490535509882,0.0708995541391596,0.06698041814197492,0.005514821782848192,-0.05305676372105854,-7.507172313856792,540.0,-3.0393606904047084,9.558978562085812,270.0,-38.02829761707234,-3.9771239205266653,270.0,-54.16695317672205
0.6620000000000005,WALK,-0.129999999999999,l,1,True,True,0.06302817310046968,0.00856116427716912,0.71879287734993,0.13314894262200022,0.024389495392553025,4.587895684164664,0.9682575293623333,-48.427042458568195,30.78954308789151,35.0,-0.026712764344499942,-0.06302817310046968,0.07106508014889296,0.06718501772119317,0.0041927137749017684,-0.05423893337646543,-6.558766870478578,540.0,-2.863238886731192,8.109682785756597,270.0,-36.14415286011712,-5.242646163759851,270.0,-53.10397160910442
0.6720000000000005,WALK,-0.10999999999999899,l,1,True,True,0.06424219260804413,0.008896067398588297,0.7194714967733385,0.12469889682122069,0.03083934600981662,4.450033622167502,0.6058161810676127,-48.75408235426868,32.273103833838775,35.0,-0.02882527579469482,-0.06424219260804413,0.07109734418021196,0.067239797649842,0.002908952562151554,-0.05540069961653822,-5.735249953596643,540.0,-2.8542711998529393,6.315009654158644,270.0,-34.09529202871507,-6.946645724759776,270.0,-51.96290274249195
0.6820000000000005,WALK,-0.08999999999999897,l,1,True,True,0.06535821351365212,0.009285595281657478,0.7199766018747555,0.11529390201750542,0.03660550295989146,4.315172439821206,0.24243658560195636,-48.74682075761091,33.73622761970307,35.0,-0.031176524495623636,-0.06535821351365212,0.07100402989285104,0.06717030568783672,0.001680080865527428,-0.05652658839565031,-5.033246199481788,540.0,-2.9840357799951716,4.280393378974665,270.0,-31.952682274999432,-9.006054381436996,270.0,-50.73997886961103
0.6920000000000005,WALK,-0.06999999999999895,l,1,True,True,0.06636877836951822,0.009727030030166324,0.7203173478003837,0.10508223038802268,0.04197245723716864,4.184582766746506,-0.12124542957022542,-48.50821032839491,35.11738424733286,35.0,-0.03372944240299433,-0.06636877836951822,0.0707948297999842,0.06700098120949116,0.0005200262514424431,-0.05760262931150788,-4.4839961335239025,540.0,-3.2087576833195603,2.058553946837719,270.0,-29.707942625571143,-11.379686795783748,270.0,-49.36367682162456
0.7020000000000005,WALK,-0.049999999999998934,l,1,True,True,0.06726778492873613,0.010218704894070792,0.7205050354182081,0.09420419485977317,0.04710137625149362,4.058990695002871,-0.4840954064637652,-48.14898274825468,36.370164525126796,35.0,-0.03644895128505671,-0.06726778492873613,0.07048124318012183,0.06675329176194872,-0.000559727018856912,-0.05861473528474377,-4.127268755525499,540.0,-3.4841484786514085,-0.3150518520138732,270.0,-27.379133555001843,-14.050938953301724,270.0,-47.798671150674636
0.7120000000000005,WALK,-0.02999999999999892,l,1,True,True,0.06805054794383843,0.010759581868727903,0.720552462055254,0.0828011936592457,0.05208506502466028,3.9385580326204153,-0.8446220247060903,-47.78416741938557,37.45902296460463,35.0,-0.03929970158518857,-0.06805054794383843,0.07007623601592933,0.0664463940005176,-0.001550496822804101,-0.05955014834367685,-4.002088355624323,540.0,-3.7641684633694994,-2.810362254204847,270.0,-24.992476370551046,-17.006819843351295,270.0,-46.02198874476952
0.7220000000000005,WALK,-0.00999999999999892,l,1,True,True,0.06871381219891189,0.011349020731632917,0.7204735114209153,0.07101573273721086,0.05698118753362605,3.8228829922258614,-1.2010764344307474,-47.52892059083244,38.353933818804485,35.0,-0.042246066815697286,-0.06871381219891189,0.06959377337483708,0.06609743422039688,-0.0024465772154793203,-0.06039810476291037,-4.139919394475001,540.0,-4.003487434730648,-5.387985652126233,270.0,-22.582906965432223,-20.211966738013075,270.0,-44.03319584599918
0.7320000000000005,WALK,0.010000000000001081,l,1,True,True,0.06925589273378445,0.011987245174111842,0.7202824124493725,0.05900054465285592,0.06187267538958424,3.7110691076434827,-1.5512657665821994,-47.47033824462522,38.981374459491235,35.0,-0.04524986383678602,-0.06925589273378445,0.06904727646154574,0.0657226351497579,-0.003246047422359108,-0.06115572271569948,-4.481562550412043,540.0,-4.147347532172869,-8.00106444893671,270.0,-20.212932741089745,-23.569683864172504,270.0,-41.66217022734846
0.7420000000000005,WALK,0.03000000000000108,l,1,True,True,0.06967600653205629,0.012675760495498985,0.719991696980368,0.04686181605591003,0.06686202349633645,3.6019061907556678,-1.8926581725318097,-47.68491990773723,39.34700623833432,35.0,-0.048284545986022484,-0.06967600653205629,0.06844706385929589,0.06533182978251184,-0.0039472749655122125,-0.06182062017418423,-5.081611854440872,540.0,-4.2040795664448,-10.504606253135037,270.0,-17.84632635799762,-26.88081066819619,270.0,-39.312742138780465
0.7520000000000006,WALK,0.0500000000000011,l,1,True,True,0.06997492082384138,0.013414588910197353,0.7196120643415113,0.03474662053248155,0.07187515183358012,3.4936523472458676,-2.2233085294534587,-48.30259948235498,39.49705633982988,35.0,-0.05131334486687961,-0.06997492082384138,0.0677992103440947,0.06493383307343359,-0.004548268840544434,-0.062384383622348216,-5.963758030777335,540.0,-4.1364342037815005,-12.832858910338153,270.0,-15.583550491814064,-30.123080144155963,270.0,-36.80768113891243
0.7620000000000006,WALK,0.07000000000000112,l,1,True,True,0.07015540099835345,0.014202571306111899,0.7191516523852223,0.02283575925020275,0.07681374942289308,3.38401626402181,-2.541654783025136,-49.43541758497463,39.44961264769017,35.0,-0.05429106018744931,-0.07015540099835345,0.06710616753973542,0.06453582916559153,-0.005049972293207597,-0.06284396366006705,-7.153520587041363,540.0,-3.880121748117755,-14.955091915687305,270.0,-13.440867191260788,-33.29722231429082,270.0,-34.131165595704246
0.7720000000000006,WALK,0.09000000000000113,l,1,True,True,0.07022185791986885,0.015038058484937588,0.7186158323596519,0.01129705414311494,0.08161555229568006,3.2702591559481666,-2.8463121886236764,-51.17748821796418,39.207502126411335,35.0,-0.05717573646422126,-0.07022185791986885,0.06636780933208503,0.06414192587185102,-0.005455985668847252,-0.06320027068068979,-8.671522219467903,540.0,-3.3867524624093073,-16.8551679814954,270.0,-11.431729037228795,-36.40887258134711,270.0,-31.28544083928158
0.7820000000000006,WALK,0.11000000000000115,l,1,True,True,0.07018004224288434,0.015919294084479972,0.7180072781252476,0.0002740201483192456,0.08625461299532239,3.149275699134346,-3.135957162526616,-53.60843240219869,38.764147557359244,35.0,-0.05993149496292019,-0.07018004224288434,0.06558200346512305,0.06375337277552406,-0.005772237328193111,-0.06345726421553317,-10.531479412061316,540.0,-2.6181090425806466,-18.522688180726334,270.0,-9.56647800296709,-39.46074884748421,270.0,-28.272568146539136
0.7920000000000006,WALK,0.13000000000000117,l,1,True,True,0.07003680728329777,0.01684464194468132,0.7173260056560726,-0.010113398960858588,0.0907316186629874,3.017664472040001,-3.4092565544155584,-56.79435182360172,38.10630795518763,35.0,-0.06252834974021465,-0.07003680728329777,0.06474483925773722,0.06336874488049643,-0.006006642320362118,-0.06362141422975225,-12.739844959356972,540.0,-1.5424387254816891,-19.950309337912387,270.0,-7.846830640418747,-42.452173081134006,270.0,-25.08150264215054
0.8020000000000006,WALK,0.1500000000000012,l,1,True,True,0.06979993003863524,0.017812770431016523,0.7165691822173297,-0.019764749759488286,0.09506820840616272,2.8717933866768894,-3.6648070510240616,-60.7880140591008,37.21396726910086,35.0,-0.06494118743987207,-0.06979993003863524,0.06385062406826642,0.06298364856111865,-0.006168791516219935,-0.06370113959738283,28.631132386216592,540.0,-9.433680182874248,-24.792341651790665,270.0,-25.99026324562701,-92.9689453593464,270.0,-32.11611517240473
0.8120000000000006,WALK,0.1700000000000012,l,1,True,True,0.06922362096471506,0.01880455990657757,0.715972956874462,-0.04755567678739535,0.0979204716475838,2.76900886599539,-3.9032580867564506,-46.02565544354974,36.92190563503958,35.0,-0.07188891919684884,-0.06922362096471506,0.06341041660834162,0.06243874285555673,-0.005763295041690555,-0.06348066009677432,7.187259272397377,540.0,-9.396024813911685,-38.803024009688656,270.0,-6.321140182968746,-47.581684665830835,270.0,-27.83535196289446
0.8220000000000006,WALK,0.19000000000000122,l,1,True,True,0.06837361695773916,0.019801739222926,0.7154707380737142,-0.07371392626281247,0.0990952209702977,2.703201317008384,-4.131583264937369,-42.9357122945114,37.25754515887246,35.0,-0.07842848156570312,-0.06837361695773916,0.06314356079636546,0.06178520150036698,-0.004970113371540241,-0.06301761370013126,-3.812118731448031,540.0,-9.379103146437092,-32.0717892178732,270.0,-0.8869646353533893,-39.266515113760576,270.0,-24.627921243421213
0.8320000000000006,WALK,0.21000000000000124,l,1,True,True,0.06742184493020142,0.020789480645571536,0.7149037162999317,-0.08837191356660798,0.09882128177362452,2.6297962960512304,-4.356649368321422,-48.079159310680915,37.7371880590204,35.0,-0.082092978391652,-0.06742184493020142,0.06254533304497623,0.06118628995894776,-0.004225787967426425,-0.0624467630046352,-15.410523458142912,540.0,-6.583544913621497,-25.333817011698322,270.0,1.0928638420636414,-39.28983484995315,270.0,-21.166362610603183
0.8420000000000006,WALK,0.23000000000000126,l,1,True,True,0.06647740485659637,0.02177431016905203,0.7141988658771495,-0.09214545985051559,0.09863209340417979,2.515130748718907,-4.576987498086159,-59.70492916682416,37.58721970614911,35.0,-0.0830363649626289,-0.06647740485659637,0.06158496473308067,0.06068451666854602,-0.003664849045457663,-0.06186166515898703,-28.076113976275984,540.0,-0.9711130550990914,-19.76633855229273,270.0,2.1034707007109414,-42.180430290040235,270.0,-15.930297897109702
0.8520000000000006,WALK,0.2500000000000013,l,1,True,True,0.0656195805084599,0.022777954262655657,0.7133044547018915,-0.08716188711032317,0.09998815184986753,2.3329339746917745,-4.785080893336804,-76.44620512181626,36.319998882447194,35.0,-0.0817904717775808,-0.0656195805084599,0.06028235401711435,0.060295047238073274,-0.0033555604370066328,-0.06133803391867587,-41.44476410641958,540.0,7.062513577870369,-15.083202597915161,270.0,3.006254398260518,-46.41533126219747,270.0,-8.379805866472823
0.8620000000000007,WALK,0.2700000000000013,l,1,True,True,0.06490650660446458,0.023828037972546633,0.7121665792215746,-0.07551625965969107,0.10372274552065919,2.0629729177943523,-4.970659611193576,-97.18424092562442,33.77059394253057,35.0,-0.07887906491492276,-0.06490650660446458,0.05865163183593847,0.06001478533591764,-0.0033440518176968553,-0.060939954378915764,-55.16205342905948,540.0,16.71665353172833,-11.054814815156604,270.0,4.158745626676876,-51.404997090818796,270.0,-0.5592393607297932
0.8720000000000007,WALK,0.2900000000000013,l,1,True,True,0.06437295712942111,0.024942518318022123,0.7107523703580196,-0.05955131752558955,0.10927006697631557,1.6895774794521772,-5.128861817611162,-110.0,30.915703140576706,35.0,-0.07488782938139739,-0.06437295712942111,0.05669869314923026,0.059849797478683076,-0.003659293111016773,-0.0605987028327646,-58.33983797037163,540.0,24.881110910412524,-7.985471682628614,270.0,5.139257424299742,-55.63054433195225,270.0,3.2767810430666957
0.8820000000000007,WALK,0.31000000000000133,l,1,True,False,0.06396532725032035,0.02609037668208796,0.7090465818697955,-0.046367057635382423,0.1128825426402025,1.2211485388030705,-5.268405677359118,-110.0,29.150498939981194,35.0,-0.0715917644088456,-0.06396532725032035,0.05449681903199244,0.05983472480162322,-0.004210578104206039,-0.060048046116793,-61.31119751681271,540.0,29.887130792315098,-21.459269679610784,270.0,7.522414709093434,-44.43649459816157,270.0,5.623812245680898
0.8920000000000007,WALK,0.33000000000000135,l,1,True,False,0.063817195175065,0.027119552658958036,0.7072590075412474,-0.022747279867878292,0.10518207627219424,0.6311716887117209,-5.404338587968289,-110.0,28.201926795312694,35.0,-0.06568681996696957,-0.063817195175065,0.053289328915656686,0.0601724223577797,-0.004731652758975399,-0.05930297044556966,-74.0625650245108,540.0,41.88663632889606,-59.286346847351105,270.0,7.974514741383073,-6.482635579340368,270.0,6.571196592060759
0.9020000000000007,WALK,0.35000000000000137,l,1,True,False,0.064095377566032,0.027972457727145194,0.7055785345656566,0.013726078950212304,0.09070512633652104,-0.09013203049649661,-5.5465066366248,-110.0,28.4140018471154,35.0,-0.056568480262446916,-0.064095377566032,0.05302723525818204,0.06122459439146255,-0.005474343536973222,-0.05832266097206322,-70.02246493834099,540.0,48.01500533822797,-76.51693178124782,270.0,6.058436153412734,13.272447721988634,270.0,7.170193880242946
0.9120000000000007,WALK,0.3700000000000014,l,1,True,False,0.06477168792182432,0.028625246568588305,0.7040410906668886,0.05216296347777129,0.07238408232805388,-0.9134400885013361,-5.7078971162215195,-110.0,30.182430684457408,35.0,-0.04695925913055718,-0.06477168792182432,0.053131562751637385,0.0630167198395562,-0.006657138597487858,-0.05684824941506923,-62.18546862787551,540.0,48.93297784934969,-87.13808469468896,270.0,4.9646113217783325,26.49317383468874,270.0,7.474013849006262
0.9220000000000007,WALK,0.3900000000000014,l,1,True,False,0.06580299897906584,0.029063020670223687,0.7026534035912831,0.08840671026406284,0.051843166123821206,-1.8134062613629283,-5.899752751702083,-110.0,33.046069618021725,35.0,-0.03789832243398429,-0.06580299897906584,0.05341108392258942,0.06547699624564124,-0.008325940860630973,-0.054735200903843664,-53.82544969265784,540.0,46.75808282079512,-96.17690595222552,270.0,5.09787413328784,33.654765624112315,270.0,7.532700454017261
0.9320000000000007,WALK,0.4100000000000014,l,1,True,False,0.06715225570563571,0.02926415129420352,0.7014428582897485,0.12144289873332068,0.029036582607480477,-2.7719996180146085,-6.129707776745342,-110.0,36.603826368397044,35.0,-0.029639275316669822,-0.06715225570563571,0.05384185252568535,0.06855705922011429,-0.010492020236201383,-0.051965329056295334,-46.183877727229785,540.0,43.21671515244154,-104.84958091950392,270.0,5.928677698883425,34.903045144095586,270.0,7.402002462132421
0.9420000000000007,WALK,0.43000000000000144,l,1,True,False,0.06878924168985204,0.029204048699032974,0.7004546266452136,0.15147581353903836,0.0038797360492782776,-3.7764325180303473,-6.402369375778014,-110.0,40.62560405306807,35.0,-0.0221310466152404,-0.06878924168985204,0.05442014611467344,0.07224459001632744,-0.013117182174665093,-0.04860024252829284,-38.850555857321694,540.0,39.16728564790184,-112.18372678831098,270.0,6.779220562867744,35.672111602063694,270.0,7.128089478626449
0.9520000000000007,WALK,0.45000000000000145,l,1,True,False,0.07069357815762939,0.028865387567752598,0.6997258390928311,0.17918353614889437,-0.023174302398375077,-4.817205996112124,-6.720756697535677,-110.0,45.02063303427045,35.0,-0.015204115962776404,-0.07069357815762939,0.05513464799961865,0.07652713464249222,-0.016157251969737274,-0.04473760853269182,-31.634981389112525,540.0,35.05656665639467,-118.28692900572173,270.0,7.39374998140187,36.00701087276079,270.0,6.7433663835208
0.9620000000000007,WALK,0.47000000000000147,l,1,True,False,0.07284702353329027,0.028237215417433244,0.6992850750115467,0.2049028270066514,-0.0515483078708943,-5.885894139967138,-7.086608129688287,-110.0,49.71199403749006,34.6568021095344,-0.008774293248337145,-0.07284702353329027,0.055976618340904394,0.08137546679873925,-0.01957204465138275,-0.040483106974267144,-24.603204722797116,540.0,31.105912370523857,-123.20582602633634,270.0,7.711975960252069,35.629547977136674,270.0,6.278642482112744
0.9720000000000008,WALK,0.4900000000000015,l,1,True,False,0.07523062596312968,0.02731504786670144,0.6991520993851504,0.2286905616057453,-0.0806197675429485,-6.974469355633244,-7.500317458576796,-110.0,54.62661000614847,32.99166068759783,-0.0028273595985636724,-0.07523062596312968,0.05693132325520295,0.08674133012849589,-0.023317895971180364,-0.03593952453944163,-17.924092696530266,540.0,27.435557953644118,-126.70031920779533,270.0,7.74110984359442,35.18013280843019,270.0,5.757450629539634
0.9820000000000008,WALK,0.5100000000000015,l,1,True,False,0.07782522960409295,0.02610081680976949,0.6993374476411456,0.2505602699748277,-0.10974846948838204,-8.075497713342296,-7.960890552235965,-110.0,59.65754370679221,31.460781101762056,0.0026400674937069185,-0.07782522960409295,0.057980279108106714,0.09255971769852983,-0.02735162093796971,-0.03120252280360737,-11.694671986220825,540.0,24.163546965568504,-129.16570642593072,270.0,7.522592020876793,34.48258475407697,270.0,5.208337269262158
0.9920000000000008,WALK,0.5300000000000015,l,1,True,False,0.08061223319779276,0.024603555895051945,0.6998441629739589,0.27055519319376153,-0.13824933892349656,-9.18222687064091,-8.46563537887559,-110.0,64.67811918614386,30.06113647643669,0.007638798298440386,-0.08061223319779276,0.05911102425774756,0.09875441914175848,-0.0316411619773006,-0.026356870697359813,-6.030744844217367,540.0,21.344059576078187,-130.63457036601653,270.0,7.103695783524291,33.52511804039652,270.0,4.652962682666255
1.0020000000000007,WALK,0.5500000000000015,l,1,True,False,0.08357412306329075,0.02283821077759297,0.7006681070676012,0.2887668419824152,-0.16550969104997518,-10.288712387261032,-9.010413266831012,-110.0,69.57994225753949,28.786321061230932,0.012191710495603816,-0.08357412306329075,0.06030897882718639,0.10524375579667733,-0.03615890974444809,-0.021472834143366745,-1.0187311793113452,540.0,19.003608829447447,-131.15175681827816,270.0,6.522820058309098,32.3391931764236,270.0,4.10828863599332
1.0120000000000007,WALK,0.5700000000000015,l,1,True,False,0.08669600131524341,0.02083075853016052,0.7017970523461052,0.30542069016598117,-0.1904688773933479,-11.390103347659599,-9.588254935682336,-110.0,70.0,27.620551688381315,0.016355172541495294,-0.08669600131524341,0.06155853147136359,0.1119441272524977,-0.04088420583340763,-0.016603475114544075,3.455585379549049,540.0,16.965898175353278,-130.59256360961197,270.0,5.560676390869947,30.936250674354234,270.0,3.5375551272205183
1.0220000000000007,WALK,0.5900000000000015,l,1,True,False,0.08996677563810043,0.018628976907923648,0.7032079943393017,0.32081758629546286,-0.21147708075205035,-12.482699266156422,-10.186529397395137,-110.0,70.0,26.542768959317595,0.02020439657386572,-0.08996677563810043,0.06284701624106442,0.11875464089302057,-0.04580921081764122,-0.011775541796274686,7.508803870244364,540.0,15.017036946974688,-128.9575740776544,270.0,4.210621481656446,29.31966788397167,270.0,2.9578776524831714
1.0320000000000007,WALK,0.6100000000000015,l,1,True,False,0.09337349392167454,0.01626207943663983,0.7048728499663589,0.3349252717859034,-0.2293346674840421,-13.562733463163163,-10.797453085784188,-110.0,70.0,25.555230974986756,0.02373131794647587,-0.09337349392167454,0.06415944233777471,0.1255551746277328,-0.050924605958085484,-0.0069817856777455445,11.022748438020898,540.0,13.258991029128694,-126.5634342469532,270.0,2.924993757351534,27.578437940780564,270.0,2.4383574241817043
1.0420000000000007,WALK,0.6300000000000016,l,1,True,False,0.09690378568410274,0.013750373129182175,0.7067584680670954,0.3477891332846763,-0.24480686962905324,-14.62690626469851,-11.415562953438986,-110.0,70.0,24.654760670072655,0.02694728332116908,-0.09690378568410274,0.06547857370586507,0.1322311825458688,-0.05622046493054064,-0.002200559502174876,14.047222790943053,540.0,11.638351861424365,-123.5485735349078,270.0,1.7718112951665121,25.75589131512641,270.0,1.977219169370738
1.0520000000000007,WALK,0.6500000000000016,l,1,True,False,0.10054715464135569,0.011113355695307648,0.7088266953117409,0.3595504677579915,-0.25818833622564796,-15.672571132603784,-12.035631666293483,-110.0,70.0,23.83146725694059,0.029887616939497874,-0.10054715464135569,0.06678733684792759,0.13867910856643656,-0.06168868107738362,0.002593884051939971,16.683838121532844,540.0,10.057435736301057,-120.0196362436442,270.0,0.7360387452796049,23.88603135139407,270.0,1.5689759504243392
1.0620000000000007,WALK,0.6702120451539141,l,1,True,False,0.1042947333852054,0.00836984985551309,0.7110356054247218,0.3703632714003834,-0.26962504415980737,-16.697590300476964,-12.652660821429045,-110.0,70.0,23.07457100197316,0.03259081785009585,-0.1042947333852054,0.06806958903661409,0.14480301208948487,-0.06732194805592184,0.007427744831732586,18.917592699682842,540.0,8.495881865278692,-116.14078926597304,270.0,-0.22803871029416012,22.046727046412496,270.0,1.1477950659265668
1.0720000000000007,WALK,0.6912844898542445,l,1,True,False,0.10813990942663762,0.005538124614901233,0.7133419838847117,0.38043909105505874,-0.2791968563955056,-17.70041229687907,-13.261920791646524,-110.0,70.0,22.369263626145884,0.035109772763764674,-0.10813990942663762,0.06931109945809949,0.15051072778192914,-0.07311521105192101,0.012325926778537333,20.607651119818172,540.0,7.06348941001426,-112.11830489961937,270.0,-1.2815395464552042,20.258579109753274,270.0,0.7180529386413246
1.0820000000000007,WALK,0.713250625335835,l,1,True,False,0.1120786645001745,0.0026353424850280856,0.7157041987209285,0.39001263042936674,-0.2870181528729714,-18.680105604035905,-13.859178615053308,-110.0,70.0,21.699115869944325,0.0375031576073417,-0.1120786645001745,0.07049981880396944,0.15570830047434547,-0.0790667309433785,0.01731606911789625,21.961929996125406,540.0,5.693143053127642,-107.99705443624202,270.0,-2.276603741991205,18.50451895972939,270.0,0.35323981757331335
1.0920000000000007,WALK,0.7361091966543725,l,1,True,False,0.1161079537304901,-0.0003243683698265802,0.7180818543113522,0.39922027881034894,-0.29333552562031734,-19.635981746555068,-14.4411209717848,-110.0,70.0,21.054580483275572,0.03980506970258724,-0.1161079537304901,0.07162501358017553,0.16030381562664042,-0.08517380366434929,0.022425597772619016,23.097087528813006,540.0,4.349857174969765,-103.88564488340666,270.0,-2.9789396391701253,16.805440490142715,270.0,0.09294614498907855
1.1020000000000008,WALK,0.7598617517342473,l,1,True,False,0.12022532581563973,-0.003330167777896207,0.7204350815799426,0.4081471437043134,-0.2984503520044266,-20.56749855009458,-15.005269492695104,-110.0,70.0,20.42969994069806,0.04203678592607833,-0.12022532581563973,0.07267723302635348,0.16421931233077885,-0.09143187692204509,0.02767242591347309,24.078420579859824,540.0,3.0551704339478647,-99.92953941267126,270.0,-3.169037861269768,15.179182664673231,270.0,-0.030027729261354275
1.1120000000000008,WALK,0.7845120424888125,l,1,True,False,0.1244291287216336,-0.006374474987747472,0.7227243108366633,0.41687647790693666,-0.3026808350157941,-21.47426473851906,-15.549787095847867,-110.0,70.0,19.81864654651443,0.04421911947673417,-0.1244291287216336,0.07364821262890126,0.16740364868630409,-0.09783492212190882,0.03305602806178058,24.941840470511266,540.0,1.8878885200282625,-96.29138074822262,270.0,-2.6708614996602655,13.636873439740338,270.0,0.009763197066716967
1.1220000000000008,WALK,0.810066577299001,l,1,True,False,0.12871878879143664,-0.009453083186255123,0.7249104826275145,0.42550968241213616,-0.30635904257984276,-22.356022918475727,-16.073305532036663,-110.0,70.0,19.214322231150465,0.04637742060303404,-0.12871878879143664,0.07453079942969659,0.1698434807816514,-0.10437607855635159,0.03855070117047177,25.703178867020938,540.0,0.9670601397223564,-93.13691226153458,270.0,-1.3735169481422593,12.180789648439987,270.0,0.2275161467116208
1.1320000000000008,WALK,0.8365149192815285,l,1,True,False,0.1330759870508726,-0.012563685222161261,0.7269473522095596,0.43246919380006377,-0.3096886200560473,-23.207091001871188,-16.57358524893707,-110.0,70.0,18.727156433995532,0.048117298450015944,-0.1330759870508726,0.0753130593784253,0.1715754010355529,-0.11101376397362767,0.04412569689326756,32.85609081182665,540.0,6.909684577926328,-91.48598130249368,270.0,-0.13036074220060545,8.343768089428433,270.0,-1.4936173098194632
1.1420000000000008,WALK,0.8636554333022146,l,1,True,False,0.13739956621242896,-0.0157045518209219,0.728761877118021,0.43203958172577556,-0.3128614237022326,-23.99585581197096,-17.043831543861636,-110.0,70.0,18.75722927919571,0.04650857674981276,-0.13739956621242896,0.07595357993300683,0.1727049612981566,-0.11753701930129354,0.04988043884385429,35.78759704694687,540.0,4.2139915074401575,-93.24575345371616,270.0,-1.8571292536511557,7.489042743159256,270.0,-0.6383617624552076
1.1520000000000008,WALK,0.8913102041996561,l,1,True,False,0.14168745673627078,-0.01890956471472024,0.7303767845765713,0.4297973582319737,-0.31850360270943756,-24.718020109642854,-17.491152185680416,-110.0,70.0,18.91418492376184,0.042220686225970944,-0.14168745673627078,0.07644865806435452,0.17318766915339134,-0.12392326031889259,0.055834566324299395,38.69495401874522,540.0,-0.3200286643526926,-94.94880934851953,270.0,1.2075910345747571,6.764750679015329,270.0,0.5501934479893449
1.1620000000000008,WALK,0.9195110268601184,l,1,True,False,0.14597936832000388,-0.022204424133761835,0.731816184542979,0.42949637713571137,-0.32644026073012017,-25.381642400769543,-17.920195641906425,-110.0,70.0,18.9352536005002,0.037928774642237845,-0.14597936832000388,0.07681267402442543,0.1729775202170883,-0.1302142518816242,0.061837830112973696,41.36555355309713,540.0,-2.942790564025877,-97.1137488595352,270.0,6.740075994017569,6.022870191179557,270.0,1.1353200171738371
1.1720000000000008,WALK,0.9483625341267916,l,1,True,False,0.15031799336463605,-0.025606805518395018,0.7331252810400943,0.4329421675864399,-0.33644222118884265,-25.996649114742016,-18.335889127772468,-110.0,70.0,18.694048268949206,0.03359014959760567,-0.15031799336463605,0.07706375492017187,0.17213199953747332,-0.13645676231958956,0.06767467502323679,45.774363809656336,540.0,-19.313229330017194,-97.07477270479913,270.0,-12.609492594963477,5.7061589517063425,270.0,-2.9661997463293206
1.1820000000000008,WALK,0.9780456096309182,l,1,True,False,0.15475563399501704,-0.029117617866081056,0.7344246477389025,0.4408331396329982,-0.3468085779014233,-26.580150802090376,-18.750292567768973,-110.0,70.0,18.141680225690124,0.029152508967224683,-0.15475563399501704,0.07723010050243312,0.16984527535470162,-0.14269930994350108,0.07359532963725154,50.81713402996144,540.0,-26.27688346526476,-95.55472451574329,270.0,-12.106355341861983,5.43106569869434,270.0,-2.8604800299933073
1.1920000000000008,WALK,1.0086757762979912,l,1,True,False,0.15929917610545144,-0.03270367445585471,0.7356971126474372,0.4505583106027858,-0.35510938641611867,-27.133971168168355,-19.15480137181582,-110.0,70.0,17.46091825780499,0.024608966856790288,-0.15929917610545144,0.07733531909077856,0.1658705510204197,-0.14895703140019198,0.0795756429179601,54.84577871064778,540.0,-31.3837616050548,-94.86813116947083,270.0,-9.903515690843676,5.074194180751789,270.0,-3.0851981505880905
1.2020000000000008,WALK,1.0403137797716708,l,1,True,False,0.16395530688948126,-0.03634541258025581,0.7369103973609765,0.46137512833494515,-0.3614917959785919,-27.658279215870305,-19.541247895560716,-110.0,70.0,16.703741016553835,0.019952836072760466,-0.16395530688948126,0.0773879731789961,0.16026959467564966,-0.15524566518275254,0.08544468417512063,58.001512708328164,540.0,-35.44607832832499,-94.95151925915131,270.0,-8.658923231301555,4.656262533810079,270.0,-3.526443792400067
1.2120000000000009,WALK,1.0730177914508952,l,1,True,False,0.1687366350381981,-0.04003164129422214,0.7380431331443436,0.4734105009855732,-0.3665140048150357,-28.153657932309507,-19.903263756153468,-110.0,70.0,15.861264931009874,0.01517150792404362,-0.1687366350381981,0.07739138014344876,0.15311724979234964,-0.16158696464500086,0.0910659883373365,60.301759639068564,540.0,-29.355312585965066,-95.81519958373195,270.0,9.854013134419787,4.072567410292535,270.0,2.72947019529518
1.2220000000000009,WALK,1.1068123011415956,l,1,True,False,0.17363052944367607,-0.04375184996141345,0.7389592408499672,0.48476177005548954,-0.3704927225526131,-28.607943106107676,-20.219551194976543,-110.0,70.0,15.06667609611573,0.010277613518565654,-0.17363052944367607,0.07734563477651668,0.14505676730675693,-0.16798832618901716,0.09597879697356315,59.24525090463453,540.0,-20.02276764745214,-101.67011022542792,270.0,25.635096048507528,2.499072717590023,270.0,2.79329573562273
1.2320000000000009,WALK,1.141703636022776,l,1,True,False,0.17864901339432102,-0.047545640747598594,0.7395942173831013,0.4971385432812158,-0.37694113654476313,-29.014588811570576,-20.48319530889236,-110.0,70.0,14.20030197031489,0.005259129567920712,-0.17864901339432102,0.07723978195905473,0.13723123859496172,-0.17448065737960375,0.09938415702006079,58.1336312648796,540.0,-16.487238351879522,-108.29651592978425,270.0,24.374408112144224,0.6581227108230614,270.0,2.6112472407900205
1.2420000000000009,WALK,1.1778322765971503,l,1,True,False,0.1838533606416357,-0.05138984279074965,0.7400556941808167,0.5140536460523351,-0.38228707109622106,-29.38232003273426,-20.698591749112026,-110.0,70.0,13.016244776336542,5.4782320606017176e-05,-0.1838533606416357,0.07718521391864674,0.12978683421689885,-0.1811100913791472,0.1011984857140269,57.66988013577583,540.0,-12.78205108590194,-114.85742581599203,270.0,21.688875050484533,-0.7859512785331653,270.0,2.552866029569782
1.252000000000001,WALK,1.215392466378864,l,1,True,False,0.18928599323215758,-0.05528959209716791,0.7404490104026854,0.535120380631461,-0.3877652059395961,-29.71653879133737,-20.87561962778735,-110.0,70.0,11.54157335579773,-0.005377850269915857,-0.18928599323215758,0.07720589554304325,0.12270968354418654,-0.18789766782406228,0.10152464645237255,57.322828015890934,540.0,-9.299556028458674,-118.94698304617043,270.0,18.992583314073965,-2.1828541224223876,270.0,2.465618450167271
1.262000000000001,WALK,1.2545431279755461,l,1,True,False,0.19497224873756183,-0.059238959619871315,0.7408395854601788,0.5591962023823503,-0.39287041945236173,-30.019129068166983,-21.01807178646023,-110.0,70.0,9.856265833235472,-0.011064105775320104,-0.19497224873756183,0.07727528161716773,0.1159853271069356,-0.19486716184406436,0.10048769823962897,56.733028475876495,540.0,-6.197087374788458,-121.28299393505833,270.0,16.518989460380098,-3.548810674985308,270.0,2.3609763644648285
1.272000000000001,WALK,1.2954113906334488,l,1,True,False,0.20093048594409188,-0.0632404766613793,0.7412695474574497,0.5854711639182767,-0.3981032428003522,-30.29075793025069,-21.129602091988062,-110.0,70.0,8.017018525720628,-0.017022342981850153,-0.20093048594409188,0.07736671147941299,0.10960208819426331,-0.2020372500543073,0.09821281374890209,55.79031040048943,540.0,-3.469812976232177,-122.37284714359826,270.0,14.324313325433554,-4.89994245292147,270.0,2.250981811781603
1.282000000000001,WALK,1.3381109154607136,l,1,True,False,0.2071796161976422,-0.06730543083173075,0.741768584672304,0.6137668258863926,-0.40415504533872054,-30.53301825501308,-21.21427036682519,-110.0,70.0,6.036322187952512,-0.023271473235400464,-0.2071796161976422,0.07746200331802666,0.10355685590624508,-0.20943552861501663,0.09481046413066041,54.44523912361541,540.0,-0.9948217523446612,-122.81089983529262,270.0,12.386985694852154,-6.328043071164542,270.0,2.1655365236137594
1.292000000000001,WALK,1.3820811160178925,l,1,True,False,0.2137416238399376,-0.0714416352144842,0.7423591219208127,0.6441860869457176,-0.41096081338501383,-30.748260916471544,-21.275273673284072,-110.0,70.0,3.906973913799768,-0.029833480877695884,-0.2137416238399376,0.0775551292387957,0.09785380614325334,-0.21708955738177127,0.090375923646216,53.40518094242111,540.0,1.079644744364451,-121.94409474839848,270.0,10.625274553866713,-7.8089416655852935,270.0,2.0899094396815183
1.302000000000001,WALK,1.4260811160178921,l,1,True,False,0.22061012022268883,-0.07566473716155815,0.7430329528549625,0.6742626940342816,-0.41914274190983825,-30.93317824381279,-21.316593609626306,-110.0,70.0,1.8016114176002829,-0.036701977260447105,-0.22061012022268883,0.07764898992377706,0.09249390976659799,-0.2249889285519625,0.08502131607589392,67.35078025970074,540.0,0.9126427787901115,-102.55111615482107,270.0,9.097541652427623,-6.474764315657838,270.0,1.646910494468744
1.312000000000001,WALK,1.4700811160178917,l,1,True,False,0.22756068879315852,-0.0799534218089432,0.7435539795022177,0.6880343081695257,-0.42581960249289097,-31.037676613860842,-21.321302817404156,-110.0,70.0,0.8375984281331972,-0.043652545830916795,-0.22756068879315852,0.07780307148211602,0.08735090758560549,-0.23287767828318798,0.07901107567087803,76.29915405021114,540.0,-4.567418944936614,-88.53444982758798,270.0,8.623481079484055,-5.594504343217879,270.0,0.5028012852376429
1.322000000000001,WALK,1.5140811160178913,l,1,True,False,0.23444427777440294,-0.08422682147079073,0.7437141455514495,0.6877503929921012,-0.42654110644287635,-31.0294769508116,-21.261072680643338,-110.0,70.0,0.8574724905529152,-0.05053613481216121,-0.23444427777440294,0.07801875757903998,0.0821836516380195,-0.2405402479731825,0.07243965253955795,79.54668692393406,540.0,-9.607652301023705,-82.11612829725733,270.0,9.116611111654274,-5.433252825890957,270.0,-0.22403242546455676
1.332000000000001,WALK,0.004,r,2,True,True,0.24089724650163788,-0.08838494145947194,0.7432985022972304,0.6474250000346805,-0.41724436316738717,-30.825445315790386,-21.098634574686756,-34.7577997595216,68.7494594423236,3.6802499975723615,0.14608375001907428,0.06572664225468719,0.07825867759104943,0.07705832483907393,-0.24758787218531,0.06560105079964298,540.0,540.0,251.6824430755175,270.0,270.0,-26.09672804377933,-2.345517110326429,270.0,-18.407045969512307
1.342000000000001,WALK,0.024,r,2,True,False,0.2431677553388403,-0.09163032566611272,0.7399076144167901,0.3479842769970761,-0.35042894075944153,-29.384003318550132,-20.344176652542785,110.0,43.616060258704366,24.641100610204667,0.026996069249269034,0.06345613341748477,0.07857864219580107,0.08318710028970394,-0.24968203581371298,0.059212516818734434,238.9187912683759,540.0,49.72466641887951,-19.571026398822056,270.0,-167.2679759509051,2.164309171518095,270.0,-47.774138441699115
1.352000000000001,WALK,0.04400000000000001,r,2,True,False,0.24438423078510182,-0.09450584485119243,0.7366655685879883,0.19709184718189918,-0.3073781801692559,-27.45806227033912,-19.359377973674906,110.0,33.64497776640421,35.0,-0.010727038204525224,0.062239657971223245,0.07843195552371618,0.0980456894537311,-0.25010295486989986,0.054530876158199765,110.09023731568341,540.0,1.1904658870004425,-57.83092532543252,270.0,-145.8190798585506,-3.514065860127822,270.0,-31.24067122566975
1.362000000000001,WALK,0.06400000000000003,r,2,True,False,0.24623347494877867,-0.09732405751187373,0.734690864279397,0.19457798325306735,-0.2902843095483296,-25.544341116454788,-18.37439554804014,110.0,25.77040968733406,35.0,-0.011355504186733145,0.060390413807546395,0.07833966105488116,0.11360049308362447,-0.25113231379487533,0.05360383322488438,47.44543986044049,540.0,-24.524845777114557,-47.583440695262354,270.0,-101.68899824917301,-6.9447703190987795,270.0,-21.061412701465436
1.372000000000001,WALK,0.08400000000000005,r,2,True,False,0.24914047344362386,-0.10020239438875653,0.7337169762741025,0.2658858008595953,-0.28927187446346136,-23.8144329638016,-17.452707358701343,110.0,20.08694042856623,30.387993939828327,0.006471450214898838,0.05748341531270121,0.07848095351720413,0.12800962913892572,-0.2533860229047056,0.05482865438086729,10.921247801093187,540.0,-44.92051224592017,-38.98002897929098,270.0,-60.11532660005959,-5.906917683784364,270.0,-11.931760318826134
1.382000000000001,WALK,0.10400000000000006,r,2,True,False,0.2532179403686297,-0.10322602809123287,0.7333080268052085,0.3682206915940935,-0.29912444777873703,-22.34463916231525,-16.62584125807385,110.0,17.24331094781659,23.22455158841345,0.03205517289852339,0.05340594838769536,0.07886135903214281,0.1405102153543617,-0.2570328698191085,0.057123654851853056,-10.36850962824525,540.0,-59.810908400021816,-32.63776451450423,270.0,-23.71590843118269,-5.248032662083045,270.0,-7.225215833972962
1.392000000000001,WALK,0.12400000000000008,r,2,True,False,0.25840425238417336,-0.10644234746295583,0.733033731962919,0.47482070108041424,-0.31540846231415487,-21.15736241750023,-15.906580928750062,106.64167543059528,16.752419700000843,15.762550924371,0.05870517527010355,0.04821963637215171,0.07942387402043977,0.15071264348988483,-0.2619608347143889,0.05993363645167832,-2.955938260908013,540.0,-48.90275951032378,-30.110822794878146,270.0,-1.350860719867086,-10.65726815462129,270.0,-13.273231914941451
1.402000000000001,WALK,0.1440000000000001,r,2,True,False,0.2643811287770853,-0.10986606509054342,0.7325328994625936,0.5617057851929225,-0.33485972306142814,-20.1903533422104,-15.28725669195987,71.57251117053231,18.446899084641323,9.680595036495424,0.09893818185610742,0.04224275997923976,0.0800735881938322,0.1585355877367134,-0.2674995596506392,0.06337756304513353,-27.211447950999272,540.0,-42.326080564280275,-23.94291432104181,270.0,8.614556108413721,-7.961188113814538,270.0,-9.00961992644634
1.412000000000001,WALK,0.16400000000000012,r,2,True,False,0.2716178492845938,-0.1134671611446479,0.7321583413632187,0.6846901125266215,-0.3523365468930909,-19.535699843205528,-14.755416177299018,-6.309438912434516,16.052232137042637,1.0716921231364929,0.1665795618896418,0.035006039471731254,0.08057207926734439,0.16391328958171114,-0.2737773958218692,0.0665604626221763,-44.24122903281234,540.0,-38.82647221350638,-8.528521688889839,270.0,-96.61751260615416,-8.64881026667495,270.0,-12.20103243990228
1.422000000000001,WALK,0.1840413860905153,r,2,True,False,0.2805829734878248,-0.11725287033070995,0.7324770321153488,0.8329063931298081,-0.3713970329970879,-19.242398241746308,-14.29067209416207,-45.98135537717173,17.44739079578968,-9.303447519086568,0.24809851622139445,0.026040915268500275,0.080634867123199,0.16749822409131632,-0.2812255252853749,0.06826923962650022,-36.36136480390761,540.0,9.244188004714404,-3.4370734187235996,270.0,-55.59562370037743,-4.516519123877185,270.0,-1.5726602831643492
1.432000000000001,WALK,0.2071078274536144,r,2,True,False,0.29019099563400147,-0.12125352632768278,0.7326613474331388,0.9210124470800752,-0.3917295903586062,-19.075630750958847,-13.879889563224985,-56.19192594960683,18.756187463877936,-15.470871295605269,0.29655684589404135,0.0164328931223236,0.08073403112278715,0.16938780918038837,-0.2893603297550935,0.06907407353207201,-29.403967837914358,540.0,24.736926526764343,0.20050276105784803,270.0,-42.33841290633505,-0.15980930092492507,270.0,2.054703984343397
1.442000000000001,WALK,0.23360922327463146,r,2,True,False,0.3000129102633374,-0.1254029155099095,0.7323626109369078,0.9625859298131897,-0.4080241328727829,-18.935742753534917,-13.49712862149895,-54.06472687977126,18.965640192665113,-18.38101508692328,0.3194222613972543,0.006610978492987696,0.08088229830602384,0.1697093366119899,-0.2978028473236568,0.06929083695039812,-27.131026391188,540.0,34.61515195634927,3.4727950325223134,270.0,-29.781145313650683,2.1736173816942213,270.0,4.478266211547828
1.452000000000001,WALK,0.2621923789741175,r,2,True,False,0.3097962755052916,-0.129641844172639,0.7313458464033259,0.9722401980528592,-0.41903727552823195,-18.767457364963143,-13.12356898989489,-43.37847622469948,18.116683807870885,-19.05681386370015,0.3247321089290725,-0.003172386748966527,0.08104100324285052,0.16858690627690137,-0.30630889355056345,0.06903554582350763,-27.430643997971316,540.0,44.187115103812985,5.6999459998613276,270.0,-13.111985938264029,3.292700849482319,270.0,6.485887586906519
1.462000000000001,WALK,0.2918144443272392,r,2,True,False,0.3193251380908023,-0.13390351529936934,0.7294080216458809,0.9572802578675795,-0.4237229094562712,-18.53020740512141,-12.74120179238575,-26.924775668507564,15.72243830353473,-18.00961805073057,0.3165041418271688,-0.01270124933447725,0.0812262390718948,0.16607054332919458,-0.31459853906065516,0.06837763198201896,-29.344761038225172,540.0,53.54137494420926,7.165709454208418,270.0,5.094936543798568,3.590819459806074,270.0,7.988311675649083
1.472000000000001,WALK,0.32169805691989384,r,2,False,False,0.32847057997251045,-0.13811458775053898,0.7264562445739544,0.9260040250880966,-0.42147891813557337,-18.20739658484589,-12.331881493272093,-9.06126106566407,11.770260078583846,-15.820281756166768,0.2993022137984532,-0.021846691216185377,0.08165191635115504,0.16218697398965914,-0.32226867971595036,0.067317143322074,-32.04194594703908,540.0,59.224993788891325,8.225606834766303,270.0,19.929313523665314,3.328606550012111,270.0,6.1623352824414175
1.482000000000001,WALK,0.35134241683935474,r,2,False,False,0.3371808006087572,-0.1422323988433247,0.7224548258168018,0.8865562961419372,-0.4143656543069599,-17.80047206429548,-11.888559110013292,7.1180776031807085,7.210263658413091,-13.058940729935607,0.2776059628780655,-0.030556911852432145,0.08236661610107987,0.1569753413750613,-0.3288605433449765,0.065787595392647,-34.653066755052244,540.0,60.78500892922869,8.680793699935847,270.0,22.728783345694687,2.5730640301765284,270.0,5.549889940249333
1.492000000000001,WALK,0.3805640783827926,r,2,False,False,0.34548653733861195,-0.14624185036555637,0.7174174769769077,0.8466330523473834,-0.4046611896662922,-17.316871975975108,-11.409213919864554,22.499764964638004,1.9613256529480054,-10.264313664316841,0.2556481787910609,-0.038862648582286885,0.0834925333765463,0.15045882241566233,-0.33431137638636277,0.06367944006467013,-35.17209695876213,540.0,62.491293378660004,8.577775399586315,270.0,20.770015070803055,1.6501818954256073,270.0,4.394137582768185
1.5020000000000011,WALK,0.40932723640210633,r,2,False,False,0.3534075962971784,-0.15012992291211688,0.7113606173227375,0.8077192987244414,-0.39326190372562203,-16.755282998768898,-10.890874157106747,39.13353715958743,-3.9460053760380873,-7.540350910710899,0.23424561429844276,-0.046783707540853314,0.08495003865917428,0.14265656662667214,-0.33847860207339736,0.06094602557300005,-32.87701351369955,540.0,63.37699752964069,7.83942588885273,270.0,17.11832748588764,0.7977053553123525,270.0,2.9030775583636723
1.5120000000000011,WALK,0.437586172778858,r,2,False,False,0.36093958587749614,-0.1538910501525395,0.7042896213289693,0.7687372380773497,-0.3809892920786292,-16.106601828545113,-10.332321178664758,58.15035757063421,-10.32585016570492,-4.811606665414484,0.21280548094254242,-0.05431569712117107,0.08654841216578252,0.13359649707811727,-0.3411517972002381,0.05763474537714425,-28.229701816061407,540.0,62.458913294798606,6.45022395446356,270.0,12.906179484095688,0.01498841876940915,270.0,1.2398814337008581
1.5220000000000011,WALK,0.4652571120120481,r,2,False,False,0.3680685706508679,-0.15753034701346258,0.6962039043129836,0.7287897124077062,-0.3688423172344988,-15.359136168388547,-9.735799340852893,79.6088180465682,-16.90777629926064,-2.0152798685394355,0.19083434182423847,-0.06144468189454283,0.08804932656792833,0.12330978634125689,-0.3421395914548595,0.05387302109832576,-22.104190841558264,540.0,59.29087510897621,4.5259609826247384,270.0,8.824366514996692,-0.7589835024947593,270.0,-0.4308168866223091
1.5320000000000011,WALK,0.49224758125439566,r,2,False,False,0.37478598253302925,-0.16106459177182098,0.6871033993437943,0.6880160719875944,-0.35793223332429497,-14.503410053774607,-9.107703471184983,102.78781830652838,-23.382368001983387,0.8388749608683888,0.16840883959317693,-0.06816209377670418,0.08919927213993459,0.1118225015773252,-0.3413286672429286,0.0498381815648859,-15.378525453992694,540.0,54.001247477194575,2.2876107028322608,270.0,5.349404323415953,-1.5613129965584414,270.0,-1.9697105127878194
1.5420000000000011,WALK,0.5185059624040833,r,2,False,False,0.3811100608055853,-0.1645212545636667,0.6769976043144101,0.6485966156293267,-0.3493278997980868,-13.538740658142009,-8.458483221586084,110.0,-29.382750137962375,3.598236905947129,0.14672813859612965,-0.07448617204926022,0.08975845926434448,0.09914545560548965,-0.33872190780858347,0.04570519717960325,-22.243367533486435,540.0,48.59931925152088,1.4031766125678118,270.0,3.0388044814306916,-2.530620766185109,270.0,-3.3414826165604037
1.5520000000000012,WALK,0.5442024716823922,r,2,False,False,0.3871626496909028,-0.16792762214452128,0.6659313422486804,0.6182058600139558,-0.34324605543545555,-12.496257133007179,-7.799776373062061,110.0,-34.986555078807996,5.725589799023089,0.13001322300767576,-0.08053876093457774,0.08955600135138808,0.08521759748397756,-0.3344476403143275,0.04136796836601225,-25.88830857861629,540.0,47.36524503316792,2.9614828133015365,270.0,1.3462987376826323,-3.3977899396186633,270.0,-4.692767179556339
1.5620000000000012,WALK,0.5700106891658483,r,2,False,True,0.3933437733796844,-0.1714465987084587,0.6546446790517674,0.6222638286691973,-0.350991799617811,-11.525774824436306,-7.215347067497809,98.98455995443639,-23.283134642679254,5.441531993156188,0.13224510576805848,-0.08671988462335933,0.08865695480937102,0.0731361788448246,-0.3286528888170438,0.03688604194820899,-115.18134523787025,540.0,81.76599628528064,-182.96933120606374,270.0,10.07678154200594,9.848423089741173,270.0,-7.56796431617437
1.5720000000000012,WALK,0.5979484147440557,r,2,False,True,0.4003924066914856,-0.17516700332537807,0.645151785180621,0.6834798751349945,-0.3653467380288732,-10.87317616626236,-6.854447232274175,38.29604895414644,-3.884906017288486,1.1564087405503798,0.1659139313242471,-0.09376851793516056,0.08802806504244917,0.06836297068872499,-0.3205980025395922,0.03291674708567999,-169.2870186792165,540.0,130.6515434523949,-258.1083813944441,270.0,4.597964674902881,20.839613554895354,270.0,-13.346037927643561
1.5820000000000012,WALK,0.6292803239795692,r,2,False,True,0.40830641856526867,-0.17877334873242848,0.6380024067597416,0.7603075747396575,-0.3607112780837174,-10.511152088586574,-6.665191005695873,-6.050313236250112,9.388884896750703,-4.221530231776027,0.20816916610681163,-0.1016825298089436,0.08779042737330697,0.06657057219731549,-0.30880747058363206,0.028752573838870588,-173.0137611780107,540.0,165.32307854502878,-262.40250269526916,270.0,-19.30557232747384,25.793756262590918,270.0,-18.738039952675795
1.5920000000000012,WALK,0.6639898198125764,r,2,False,True,0.41682342284887525,-0.18206144303280328,0.633060264761519,0.8246533366354064,-0.33707171063719066,-10.332029585286676,-6.569365058872671,-30.2362354883683,16.41499051970402,-8.725733564478451,0.24355933514947353,-0.11019953409255018,0.08676908798199373,0.06574354612335115,-0.2920549896392297,0.02416881386044184,-159.16175455902825,540.0,174.81807187874725,-242.56649872383292,270.0,-47.39817637879463,27.64783061459483,270.0,-21.94080617102007
1.6020000000000012,WALK,0.7016818642331636,r,2,False,True,0.42579524743175845,-0.1849547652650918,0.6299945003662969,0.8759683875033178,-0.3025463961195461,-10.254196241424475,-6.5111842594842875,-43.63830166237258,19.10512289170451,-12.317787125232252,0.27178261312682483,-0.11917135867543338,0.08339420152508512,0.06512616919190173,-0.269850518409829,0.019031238552316254,-142.73622000797414,540.0,165.7783953331295,-215.60810548870626,270.0,-70.15147899211323,27.234980678402344,270.0,-23.467142601786236
1.6120000000000012,WALK,0.7421853457540851,r,2,False,True,0.4352173626702363,-0.18741626491214536,0.6284377285240316,0.9232807418929726,-0.2619540922470122,-10.239568538056195,-6.450053429185513,-53.96220325730078,18.472738446311908,-15.629651932508086,0.297804408041135,-0.12859347391391124,0.07651561552203043,0.06446881152252415,-0.24226455733284458,0.013176394323614393,-128.93498887894089,540.0,148.60594498508257,-187.64278702902374,270.0,-86.82414980352712,25.433865475817893,270.0,-23.974516157053863
1.6220000000000012,WALK,0.7854639529665011,r,2,False,True,0.44512947173943435,-0.18938541234942818,0.6280447947893383,0.9718996289466322,-0.21506777106621422,-10.270168722408474,-6.347708714403024,-64.21800785119206,14.468739524475453,-19.032974026264256,0.3245447959206476,-0.13850558298310928,0.0656215167620427,0.06371366392330857,-0.20955733135800675,0.00646632107905426,-118.43507217482973,540.0,129.7010533174541,-161.2466859358817,270.0,-97.75518366836566,23.018021842988503,270.0,-22.779159706100913
1.6320000000000012,WALK,0.016,l,3,False,True,0.45435497627691346,-0.1893462972375728,0.6279087937550878,0.9232433693186599,-0.0480286293181796,-9.890453815965367,-5.817828846285059,33.75256972142389,-70.0,-15.627035852306197,0.297783853125263,-0.20960828881490184,0.05997431010224055,0.06404206355347453,-0.18071534225404973,0.00030195900351837057,90.07080847637002,540.0,97.71506213953096,-269.5275686523439,270.0,-18.713978568915465,7.147295333569577,270.0,3.2971465081294866
1.6420000000000012,WALK,0.036000000000000004,l,3,False,True,0.4610233935174703,-0.18763194130615407,0.6275486787253355,0.7377796103201917,0.10178365853396033,-8.587518510374053,-4.90856856531781,110.0,-70.0,-2.644572722413421,0.19577878567610546,-0.21627670605545868,0.05649143431346337,0.06553834961110983,-0.15780904713125438,-0.0025632154429017784,130.63243044243657,540.0,24.802427109701558,-197.00920003717843,270.0,-25.457008160475702,4.923002812122676,270.0,-2.499433473168864
1.6520000000000012,WALK,0.05600000000000002,l,3,False,False,0.4660468243715717,-0.18601462011613432,0.6272422250054961,0.5734248977250871,0.14096466311554376,-6.663184642604193,-4.086013626605971,110.0,-70.0,8.8602571592439,0.10538369374879791,-0.22130013690956007,0.053330131641937006,0.06561601242504805,-0.13797228292193336,-0.004272001838277251,97.83882618895771,540.0,-11.249069472628086,-160.11727706365787,270.0,7.5758007137923755,-1.8007290500557733,270.0,-10.01142561603165
1.6620000000000013,WALK,0.07600000000000004,l,3,True,False,0.47040129103835504,-0.1847172222985823,0.6270390906509361,0.47831282771093864,0.13091171667902776,-4.396441263619204,-3.375850004045467,110.0,-70.0,15.518102060234293,0.059578206927734634,-0.22565460357634343,0.05154894221634099,0.06443084529161225,-0.12313172046213922,-0.0063879840689521905,91.55714759882721,540.0,-26.09497352992546,-156.94164524090456,270.0,21.244905448261328,35.899717121475916,270.0,-11.036819168971217
1.6720000000000013,WALK,0.09600000000000006,l,3,True,False,0.4744299538877448,-0.18383012961095332,0.6269663612747007,0.42487644840494193,0.09984802434291105,-1.886517047181937,-2.754763773367619,110.0,-70.0,19.258648611654063,0.046219112101235416,-0.22968326642573317,0.050473290657953196,0.06308311236267966,-0.11341384163529233,-0.009816459148991707,92.87237019932678,540.0,-33.50195362048039,-164.5934047642371,270.0,28.55094345325994,-98.805856940181,270.0,-12.098299194786811
1.6820000000000013,WALK,0.11600000000000008,l,3,True,False,0.4777328827703781,-0.18340490618447933,0.6277404646241287,0.35681469363292806,0.058406034866720746,0.9108220406118053,-2.1907339685044707,110.0,-70.0,24.02297144569503,0.02920367340823199,-0.2329861953083665,0.05133222295744527,0.06217074566323727,-0.10862866168743018,-0.014256289770296082,78.02623300382746,540.0,-37.62245027944635,-192.64305100987056,270.0,37.346849264651055,-166.7300331425745,270.0,-13.562327691778918
1.6920000000000013,WALK,0.1360000000000001,l,3,True,False,0.4804576307091763,-0.18358673561845734,0.6300318767271512,0.2978388997037039,0.0026642072744036925,3.9231361400136593,-1.7055887392915625,110.0,-70.0,28.15127702074072,0.014459724925925954,-0.23571094324716468,0.05462720480420685,0.06241936903291748,-0.10572661412919099,-0.02030957118596355,62.78616714370044,540.0,-37.22475721894004,-198.41525596971138,270.0,41.51954798417276,-180.79742099911527,270.0,-14.548758994089715
1.7020000000000013,WALK,0.1588200416897544,l,3,True,False,0.48295905100869274,-0.184572340801737,0.6340522700198039,0.26566104936412954,-0.07053563190423594,7.054418018607592,-1.3521069788529263,110.0,-70.0,30.403726544510928,0.006415262341032346,-0.23821236354668113,0.05939033069050731,0.06435793336771226,-0.10319942682614441,-0.02848474126891054,52.67606666120043,540.0,-52.04329188323922,-190.09474694010152,270.0,4.85390659445131,-178.82423308885228,270.0,-15.85387246554765
1.7120000000000013,WALK,0.19312628685779074,l,3,True,False,0.48562158006699774,-0.1864642088383292,0.6399040279119452,0.2674472294989153,-0.1558124352655485,10.208061511370088,-1.178665587543684,110.0,-70.0,30.278693935075925,0.006861807374728801,-0.24087489260498612,0.06530702473194006,0.06675572141245564,-0.10083182682433678,-0.0388380623894653,40.953247399347745,540.0,-33.990609965331195,-171.21213296468014,270.0,28.43158612175878,-165.09885376748284,270.0,-15.370442464188727
1.7220000000000013,WALK,0.22832102380707575,l,3,True,True,0.48856156728116495,-0.18929925914433718,0.6473799667252383,0.286957906765203,-0.24703135436890933,13.33311305681284,-1.2093642212469378,110.0,-70.0,28.912946526435785,0.01173947669130082,-0.24381487981915334,0.07212606557971829,0.07019206237595058,-0.09852975183387336,-0.05092462632510586,31.27040728968356,540.0,-48.085470400796865,-148.0111414094086,270.0,0.22330766392230572,-144.86198634855296,270.0,-147.07801260453581
1.7320000000000013,WALK,0.2652432052586381,l,3,True,True,0.49212851688780707,-0.19317641639921054,0.6571497371867943,0.3402158843057099,-0.34869042408687123,16.21023242845167,-1.5580356599197251,110.0,-70.0,25.184888098600304,0.02505397107642754,-0.24738182942579545,0.07975858501333111,0.07681979101309994,-0.09673574747415697,-0.05813481411372173,33.213408564086905,540.0,-87.75737672300957,-118.25342490462803,270.0,-44.03970964310035,-113.38372123579148,270.0,-164.1007609304713
1.7420000000000013,WALK,0.30575541415943275,l,3,True,True,0.49691911629266133,-0.1981657145827353,0.6691498794399757,0.44102900943159395,-0.45538002998129384,18.688856092333342,-2.2770080842406113,110.0,-70.0,18.12796933978842,0.05025725235789841,-0.2521724288306497,0.0882597555126165,0.085769475802455,-0.09601510585508871,-0.06112037699320633,39.513158139140586,540.0,-97.59742298172159,-94.64621863468327,270.0,-41.887196313656716,-82.99032160014869,270.0,-132.36033198660593
1.7520000000000013,WALK,0.34961043841944733,l,3,True,True,0.5029165702868622,-0.20398909513776242,0.6826820724503121,0.5545161317414217,-0.5450842737915523,20.81142430264398,-3.2968435804418976,110.0,-34.121367751800825,10.18387077810048,0.09498387245778195,-0.2581698828248506,0.0974766869600498,0.09581105205549781,-0.09618661600848888,-0.06280044034624627,42.56786078930503,540.0,-86.16105999105305,-73.95807270079428,270.0,-13.214944672590592,-53.02626767583669,270.0,-91.74994708688914
1.7620000000000013,WALK,0.3936104384194472,l,3,True,True,0.509982430024389,-0.21048082052301428,0.6968364305516815,0.6623422639013409,-0.6184236145790684,22.627539237120924,-4.571063932409873,110.0,0.4522118150658514,2.6360415269061352,0.15428824514573758,-0.2652357425623774,0.10688144930085614,0.1062718391233293,-0.09713463517859477,-0.06409612894079786,39.13315143897246,540.0,-60.23902863361297,-55.1155593979992,270.0,27.130808427458504,-30.599803607313405,270.0,-48.33470985688044
1.7720000000000014,WALK,0.4376104384194471,l,3,True,True,0.5178266205924179,-0.217421026456599,0.7107392351969102,0.747799944099619,-0.6711090418666974,24.22000904378682,-6.025754966703253,110.0,23.853270416786643,-3.345996086973335,0.20128996925479048,-0.2730799331304063,0.1159421689302676,0.1172412934001508,-0.09874533183420031,-0.06531947614001204,28.996741011722094,540.0,-24.549305815294648,-34.97503436777909,270.0,46.94056393790024,-17.479187705492564,270.0,-18.928320585850223
1.7820000000000014,WALK,0.012,r,4,False,True,0.5260462068085177,-0.22480200131491485,0.7239587905328342,0.7981904567975647,-0.7201312351530943,25.6953267123207,-7.6580600325118775,110.0,47.589451459332906,-6.873331975829534,0.2290047512386606,-0.0708711868778178,0.12437023926149565,0.12997989425755876,-0.10274824185426129,-0.06583088987205149,226.94751467332338,540.0,-217.73558381361923,-84.31571288543111,270.0,65.97903597075754,2.0263319613840975,270.0,-12.798565584549117
1.7920000000000014,WALK,0.032,r,4,False,False,0.5342919589968735,-0.23218565527015678,0.7366839337221709,0.8155736109717436,-0.729308180587932,27.170430384979014,-9.401017330276359,110.0,50.603817331859275,-8.090152768022058,0.23856548603445904,-0.07911693906617367,0.13265342603269054,0.14303431184411064,-0.11412716873431172,-0.06276069395624095,162.65824692580097,540.0,-172.50984536865207,-80.3938450141211,270.0,69.21208101455723,5.493027896969702,270.0,-6.401212733850306
1.8020000000000014,WALK,0.05200000000000002,r,4,False,False,0.5424102902433768,-0.23896319605732894,0.7486819902058005,0.8121113343488766,-0.6907829377055722,28.70641897667159,-11.07026548020291,110.0,47.77862784880411,-7.847793404421366,0.2366612338918822,-0.08723527031267697,0.14127015334750975,0.1538343654307886,-0.13066190505164843,-0.05624183710552322,110.81611158200919,540.0,-124.57728180903946,-47.77123807799207,270.0,61.469568181174274,4.372552554115843,270.0,-6.174823790220243
1.8120000000000014,WALK,0.07200000000000004,r,4,False,False,0.5504141510328734,-0.24511780421106,0.7596191725063114,0.8039329731781015,-0.636835684753591,30.278814555872504,-12.629888792519342,110.0,47.238173518718334,-7.27530812246711,0.23216313524795595,-0.09523913110217352,0.15102941197248426,0.1624968207267546,-0.15078322415816992,-0.04606636621870319,65.934484753388,540.0,-82.50801897299402,-28.30623101767318,270.0,45.72640208217485,2.583845540462387,270.0,-5.680361842060257
1.8220000000000014,WALK,0.09200000000000005,r,4,False,False,0.558477524530573,-0.2507729109842587,0.7693497619396149,0.8068571163582573,-0.5861564213954328,31.831172204518918,-14.0928287521303,110.0,51.705588681954865,-7.479998145078014,0.2337714139970415,-0.10330250459987311,0.16190850944268997,0.16979312446945544,-0.17347895372427236,-0.03310093337331865,14.460920606208063,540.0,-63.43610800449708,-13.161736058603744,270.0,33.223868239502565,5.241769668890377,270.0,-0.02847328988791009
1.8320000000000014,WALK,0.11200000000000007,r,4,False,False,0.5669206116185492,-0.25599140896715405,0.7777701101155648,0.8350886108162304,-0.5406044808497893,33.26172461789774,-15.446639149129611,110.0,60.93665284824105,-9.456202757136133,0.2492987359489267,-0.11174559168784937,0.17371116318165764,0.1760560315762466,-0.19828049587616448,-0.018662083711441735,-20.398943990124422,540.0,-45.81685842302616,-1.6645721793478714,270.0,25.136749532437918,3.5690245630932402,270.0,1.3227449672461578
1.8420000000000014,WALK,0.1320000000000001,r,4,False,False,0.5759580777635022,-0.26086478146697145,0.7848120650402094,0.8851101080310347,-0.5030575796745315,34.495829484584426,-16.689570057781708,110.0,70.0,-12.957707562172434,0.2768105594170691,-0.1207830578328023,0.18633378915687526,0.18142853744828374,-0.22478223250291235,-0.0039431198004376,-42.80827587937304,540.0,-31.79402496740848,6.107329815871111,270.0,19.47026390330079,4.469996300402574,270.0,4.32529347988119
1.8520000000000014,WALK,0.1520000000000001,r,4,False,False,0.5856684394152211,-0.2654633408471242,0.7904529450835999,0.946882316852989,-0.47250533462799377,35.49953938592553,-17.819204343755818,110.0,70.0,-17.28176217970923,0.31078527426914404,-0.1304934194845212,0.19973054437950954,0.18590954995898917,-0.25250946626655046,0.010247912760461553,-56.72324062328428,540.0,-164.8988717035811,12.281959507235413,270.0,-270.0,4.733842529377128,270.0,-184.68494111609593
1.8620000000000014,WALK,0.19600000000000012,r,4,False,False,0.5965419220441841,-0.2695767670513128,0.7954441042534888,1.0486308027821054,-0.42894950392184034,36.2810708233652,-18.737434943811078,110.0,70.0,-24.404156194747383,0.36674694153015797,-0.14136690211348424,0.20818238896330138,0.18975928046854312,-0.2814609293270337,0.022874490837759165,-62.20229921604363,540.0,-35.06282050068354,27.023642727820572,270.0,-11.77946761749979,5.415881595999672,270.0,9.553399339510582
1.8720000000000014,WALK,0.24000000000000013,r,4,False,False,0.6083574383864787,-0.27343963340051525,0.7990930307479522,1.1419744224322492,-0.3994900717271266,36.781511336399916,-19.50984327297973,110.0,70.0,-30.93820957025745,0.41808593233773705,-0.15318241845577885,0.21270990210203905,0.19338408586595196,-0.31159493815009326,0.03347866776527686,-71.50467930247595,540.0,11.122345975913007,25.03606872728342,270.0,28.419986244256247,5.247788164396177,270.0,8.221331380249127
1.8820000000000014,WALK,0.28400000000000003,r,4,False,False,0.6206810354541802,-0.27723841461537446,0.8011226960556517,1.2047343791922946,-0.3863490737507643,37.036711377057095,-20.196755314545648,110.0,70.0,-35.0,0.45000000000000007,-0.16550601552348032,0.21878265219190296,0.19614420375853114,-0.3416794821231576,0.042262034785120584,-78.98970795914437,540.0,50.938671286028075,27.5940950578091,270.0,35.05330009154541,4.694543886937957,270.0,6.7557867426957205
1.8920000000000015,WALK,0.3279999999999999,r,4,False,False,0.6331824401153265,-0.2811219323449179,0.8016521196942038,1.2352954843111883,-0.38868764543393236,37.13112005438767,-20.85995516714148,110.0,70.0,-35.0,0.44999999999999996,-0.17800742018462667,0.22716730726548617,0.1977976262598763,-0.37032549185396435,0.04913703962807803,-85.60574608310299,540.0,91.93855438657675,31.967027300735964,270.0,33.82041872141926,4.868698759879621,270.0,5.945496816334389
1.9020000000000015,WALK,0.3719999999999998,r,4,False,False,0.6455722537769369,-0.2852319699967576,0.8008777476783235,1.236496351483312,-0.4053357546607247,37.157115365108375,-21.5657486692335,110.0,70.0,-35.0,0.45000000000000007,-0.19039723384623708,0.23781822953322024,0.19838161186426762,-0.396183280717211,0.05383517757682921,-99.81444108259979,540.0,125.58638298823539,37.578699575497424,270.0,27.07982780388308,5.1590555761994565,270.0,4.484562566802494
1.9120000000000015,WALK,0.41599999999999965,r,4,False,False,0.6576885730601522,-0.289659619263335,0.7990043546966471,1.217908416150545,-0.43258818954450917,37.18038042401328,-22.359830654057607,110.0,70.0,-35.0,0.45000000000000007,-0.2025135531294523,0.2502364656739614,0.1979747130399202,-0.4181725336662125,0.055838435881416904,-116.35052855756527,540.0,153.13723458629218,43.67825570261142,270.0,14.119121493673212,4.908418212280168,270.0,1.3108205573943017
1.9220000000000015,WALK,0.4599999999999995,r,4,False,False,0.6694792607425326,-0.29447338370691273,0.7962279111238487,1.1898935507974921,-0.4678124079512519,37.24542000402362,-23.277265848799374,110.0,70.0,-34.29254855582445,0.4444414529386207,-0.21430424081183275,0.26351511595794697,0.19667284782414968,-0.4355019573763827,0.054512521768883104,-129.98306863489637,540.0,172.97301468716745,49.251278127291755,270.0,-5.046113443029448,3.6275722594515756,270.0,-3.234663010443794
1.9320000000000015,WALK,0.5039999999999994,r,4,False,False,0.680947340671444,-0.29966487327047825,0.7927293743262591,1.159131546374481,-0.504334685442532,37.38963777936066,-24.32458784701322,110.0,70.0,-32.13920824621367,0.42752235050596454,-0.22577232074074416,0.2763342109946527,0.1945555671128707,-0.4476733084179108,0.04934082079254598,-138.60806263439002,540.0,180.25642823206226,52.37793804156564,270.0,-26.53691845647258,2.9704928058788127,270.0,-7.313793896051434
1.9420000000000015,WALK,0.5479999999999996,r,4,False,False,0.6921764625462503,-0.3051854003126565,0.7886406030560187,1.1338741223532216,-0.5382906128933418,37.63100725973917,-25.49244913516624,110.0,70.0,-30.371188564725514,0.41363076729427184,-0.23700144261555045,0.28712152370700506,0.1917005352284208,-0.45466264639206944,0.03997936834967952,-142.3467410511231,540.0,175.89394795895507,54.096132383531966,270.0,-48.15037944653051,2.280086280916464,270.0,-11.347082831992662
1.9520000000000015,WALK,0.5919999999999997,r,4,False,False,0.703356575150793,-0.31101715956557474,0.7840206443985478,1.1236168347291966,-0.5702421576724827,37.956062610424425,-26.777381915209194,110.0,70.0,-29.653178431043766,0.4079892591010582,-0.2481815552200931,0.2943813755659084,0.18829964148995104,-0.4570479290023718,0.026138337303702852,-139.72203183146016,540.0,161.29978200975674,54.35844335204787,270.0,-69.83511231600339,1.6517683253693285,270.0,-15.415994332245669
1.9620000000000015,WALK,0.6359999999999999,r,4,False,False,0.714728386491043,-0.31713845634738924,0.7788737566409993,1.1346413233380328,-0.6000175532919669,38.33400272481258,-28.169408727555705,110.0,70.0,-30.4248926336623,0.41405272783591807,-0.2595533665603431,0.2967533661675127,0.18462026284969507,-0.4558216643050097,0.0077259848775692586,-130.6287733291416,540.0,137.6913084107297,53.29822253474315,270.0,-92.65497117040343,1.1732366399191783,270.0,-19.703452531911907
1.9720000000000015,WALK,0.68,r,4,False,False,0.7265532364262466,-0.32351599144021675,0.7731748947114587,1.170282586938697,-0.6267685346926317,38.726659435753106,-29.650503721818055,110.0,70.0,-32.91978108570879,0.43365542281628344,-0.2713782164955467,0.29300010631772644,0.18098911355216096,-0.4522173337909651,-0.015110157880980912,-115.77243324212088,540.0,105.12832022262032,51.27209327107667,270.0,-119.48181357023343,0.8694148072435937,270.0,-24.79249166642769
1.9820000000000015,WALK,0.7240000000000002,r,4,False,False,0.739102106806994,-0.3301024940411737,0.7668974323936327,1.2321861816016977,-0.6492401108558857,39.09502810784036,-31.19535977486422,110.0,70.0,-35.0,0.45000000000000007,-0.2839270868762941,0.2819086865037284,0.17778098277455057,-0.44756635431648784,-0.041992758336748315,-90.82112143508363,540.0,64.90526546436575,48.12697046960761,270.0,-130.83424220842878,-0.7750941515469876,270.0,-20.00584120010558
1.9920000000000015,WALK,0.7680000000000003,r,4,False,False,0.7525309637724533,-0.3368138633828832,0.759922072279021,1.3118844548657784,-0.6643469554573331,39.40087040298991,-32.767985143352796,110.0,70.0,-35.0,0.44999999999999996,-0.29735594384175346,0.26310827100917183,0.17538407135588524,-0.4429065914170181,-0.07212764406328254,-58.15346601389007,540.0,18.212389734780906,40.00143779845418,270.0,-129.27905123124174,-0.5574414904349041,270.0,-22.1153508347102
2.002000000000001,WALK,0.8120000000000005,r,4,False,False,0.7668854768907459,-0.34352299980145756,0.7520972391632048,1.400665837978213,-0.6682860935328582,39.61383661736453,-34.323432183341914,110.0,70.0,-35.0,0.45000000000000007,-0.31171045696004607,0.23752832519368663,0.17399144540844463,-0.43877449803887003,-0.10428142210881841,-24.73862468739469,540.0,-38.62988035678225,30.689955016876183,270.0,-143.53833796124815,-0.1637057463240268,270.0,-25.68055558237379
2.012,WALK,0.8560000000000006,r,4,False,False,0.7820932666127888,-0.3500665989822574,0.7432421890507749,1.4846337983519236,-0.657451576401323,39.71422134386691,-35.815918646440416,110.0,70.0,-35.0,0.45000000000000007,-0.3269182466820889,0.20627572376490233,0.1735511606965103,-0.4352982465151368,-0.13703776698889658,2.3565309722027763,540.0,-14.70647684902831,16.32937849946174,270.0,-9.920073307732931,1.419916168146095,270.0,-0.5479523212840292
2.021999999999999,WALK,0.9000000000000008,r,4,False,False,0.7974715447920337,-0.3562685197588036,0.732762025375616,1.5196304976327828,-0.6297265930750364,39.67982632468154,-37.19901952891863,110.0,70.0,-35.0,0.4346217218207551,-0.3422965248613339,0.17572164238318513,0.17338773135722452,-0.43107084348400304,-0.16859489237003422,13.344627713010965,540.0,-24.76326549645263,0.48182548939112735,270.0,54.768814935384505,4.232125989204775,270.0,6.171278758208226
2.031999999999998,WALK,0.008,l,5,True,False,0.8126993934149054,-0.362243649592115,0.720405022452471,1.5200552826951776,-0.6108696406621322,39.482660157842574,-38.46449454969501,110.0,70.0,-35.0,0.44999999999999996,-0.4342780086229076,0.15293490505683593,0.1732036534626749,-0.4275394084133979,-0.198378152568768,318.52895406792874,540.0,-230.8414677123588,270.0,270.0,207.03188485269388,199.4557442672978,270.0,-6.256361110460242
2.0419999999999967,WALK,0.028,l,5,True,False,0.8271858285986362,-0.36773614052213466,0.7044027123170722,1.468143495057804,-0.5608918552238104,38.863258745780904,-39.34197605964294,110.0,70.0,-35.0,0.44999999999999996,-0.44876444380663844,0.15102169152711198,0.18146327903102602,-0.42929124135070496,-0.23100015403843055,79.5075315088744,540.0,-160.02461290328375,1.2673941925968748,270.0,98.6024735640462,17.94489658382812,270.0,3.3286020242862806
2.0519999999999956,WALK,0.048000000000000015,l,5,True,False,0.8415240186102267,-0.3719880554174555,0.6858658459127015,1.445567150017228,-0.4637147567125221,38.01405174221496,-39.66134004733458,110.0,70.0,-35.0,0.45000000000000007,-0.46310263381822897,0.15471603957788974,0.19533071278918968,-0.43130759435673466,-0.26478355296974054,53.93543031129474,540.0,-103.24577304019436,-85.95311075640056,270.0,78.5808833983478,28.82585234341944,270.0,6.188017390832628
2.0619999999999945,WALK,0.06800000000000003,l,5,False,False,0.8558239797198334,-0.3753693779441993,0.6656843915996676,1.4339090837373718,-0.37495499361104795,37.1980803321063,-39.66978054295162,110.0,70.0,-35.0,0.45000000000000007,-0.4774025949278356,0.15788356647447183,0.2135784863245459,-0.4343647352505926,-0.2970599882037458,39.245326523759076,540.0,-74.47411962114651,-57.222791837493716,270.0,73.05699529863888,4.837173851336651,270.0,8.216453531819772
2.0719999999999934,WALK,0.08800000000000005,l,5,False,False,0.869848915848655,-0.3781027029680399,0.643977385701299,1.4106831908201243,-0.303147267961727,36.44072270396289,-39.47718712201114,110.0,70.0,-35.0,0.45000000000000007,-0.4914275310566572,0.1565797039371742,0.23579433932306187,-0.4352804421573756,-0.32552903463355076,13.847100628082245,540.0,-52.194542006165506,-38.77334558140795,270.0,71.28110939101455,4.523980785809613,270.0,10.11451871558771
2.0819999999999923,WALK,0.10800000000000007,l,5,True,False,0.8834193528285335,-0.3802307996027977,0.6207531265112319,1.3714829551253598,-0.23864129384964472,35.7642547732409,-39.12011483456149,92.35603564917233,70.0,-35.0,0.44999999999999996,-0.5049979680365357,0.15193702877886522,0.2611822575017191,-0.43498166987474457,-0.3480409070352851,-24.172674207493458,540.0,-32.933185881335106,-50.19399074781844,270.0,67.78976409242085,34.39878971186066,270.0,11.849206655973928
2.091999999999991,WALK,0.12800000000000009,l,5,True,False,0.8964400214683333,-0.38169186331377786,0.59635047884542,1.321324773572561,-0.1727243198302112,35.318659140796484,-38.6281576367994,75.74116827581327,70.0,-35.0,0.45000000000000007,-0.5180186366763355,0.14877084088630077,0.28864308302996133,-0.43806848964347156,-0.3630732720338884,-30.572295481036065,540.0,-26.78224917476495,-94.24154871914288,270.0,64.60118908905788,33.58129211350348,270.0,12.810238016567661
2.10199999999999,WALK,0.1480000000000001,l,5,True,False,0.9089085662177592,-0.3826766474757911,0.5713160106231308,1.2684013686836024,-0.12085670705231152,35.23985493240009,-38.06938426204485,64.89417128791564,70.0,-35.0,0.44999999999999996,-0.5304871814257615,0.14721836833252344,0.3172120637027174,-0.44524879653017835,-0.37012155115025636,-38.69600018332092,540.0,-35.31848696395317,-102.0651521121118,270.0,66.97612609167791,19.1461658184056,270.0,13.441890386142756
2.111999999999989,WALK,0.18720000000000012,l,5,True,False,0.921336953472979,-0.3835228470499676,0.5463941191879463,1.2528215929015438,-0.09699919170613369,35.546242924033244,-37.61059818561497,101.61734594993315,70.0,-35.0,0.44999999999999996,-0.5429155686809812,0.14592528625169787,0.34291212152289274,-0.45435075491958726,-0.3723490471965947,-22.056821880976642,540.0,43.84862725883391,-59.158330036180246,270.0,-31.026044300827067,16.546907102996357,270.0,16.119504551134746
2.121999999999988,WALK,0.23120000000000013,l,5,True,False,0.9334197565226112,-0.38443624748082383,0.5216602852022222,1.2184178810437118,-0.09354755350247662,36.250544502912895,-37.38477308674127,110.0,66.96330147367865,-35.0,0.44999999999999996,-0.5549983717306135,0.1448478440383724,0.361092951270452,-0.46418104904142005,-0.37323316754371405,-47.77337924218858,540.0,44.864854529243615,-36.8363228596833,270.0,42.12721017297627,9.390016304687848,270.0,14.789246942903933
2.131999999999987,WALK,0.27520000000000006,l,5,False,False,0.9445252418184397,-0.3853586055691764,0.4965946154233794,1.1386159798199773,-0.0924841791404091,37.30120726214387,-37.292912733602414,110.0,39.60588896270603,-30.703118587398414,0.4162387889009874,-0.5661038570264418,0.14369689049912499,0.37596246929477367,-0.4743009127570084,-0.36817779645549153,-55.91776549656336,540.0,77.20103837788015,12.016779765860974,270.0,57.60656817946037,5.440023958517209,270.0,10.078741338755519
2.1419999999999857,WALK,0.31919999999999993,l,5,False,False,0.9543078491067868,-0.38638260901566057,0.47109236685698447,1.0229019577504534,-0.10069776247968705,38.700484982649066,-37.355204371409464,110.0,12.041431114954435,-22.603137042531745,0.3525960767627495,-0.575886464314789,0.14161441608668546,0.3878482549130822,-0.4842934228904951,-0.35581439383352154,-68.71583567087677,540.0,117.20672695262985,29.008892692205634,270.0,53.92507144260352,4.896920903138234,270.0,8.8259643162271
2.1519999999999846,WALK,0.3631999999999998,l,5,False,False,0.9628393404082812,-0.3878131781286793,0.4453644189885173,0.9021696377411237,-0.13235855214250913,40.44991458403913,-37.668641132716026,110.0,-13.662254853020954,-14.151874641878662,0.28619330075761795,-0.5844179556162834,0.13922838170620225,0.3959119200960117,-0.4939101143342536,-0.33665797087672267,-83.71561024051834,540.0,146.2943609664175,37.139241974722964,270.0,42.01517967650915,3.898422035449949,270.0,7.0261010370574875
2.1619999999999835,WALK,0.4071999999999997,l,5,False,False,0.9704087138849458,-0.38985876173225603,0.4196081381795565,0.7999279428675915,-0.1848571097762076,42.527244810550464,-38.31258655616929,110.0,-36.17993975795386,-6.994956000731408,0.2299603685771754,-0.591987329092948,0.1367814729785641,0.3992178962816374,-0.503420124861192,-0.31235207730592274,-95.3072256037126,540.0,165.31132247670635,42.650096976494524,270.0,24.7804185495865,2.6834250006722886,270.0,2.8606403684453867
2.1719999999999824,WALK,0.45119999999999955,l,5,False,False,0.9773679126092433,-0.3925942165424421,0.3939756440469604,0.7274818763137779,-0.2485865982622493,44.90768246562049,-39.34868255140025,110.0,-55.898497067739555,-1.9237313419644575,0.19011503197257784,-0.5989465278172454,0.13448475336830168,0.39696310741766805,-0.513166322004651,-0.28518421156890517,-101.00553493151273,540.0,182.7130963981921,47.24711447397525,270.0,3.9006938658264474,1.580096620394943,270.0,-4.391625457280497
2.1819999999999813,WALK,0.4951999999999994,l,5,False,False,0.9840594769791574,-0.3960241361049198,0.3686348666166278,0.6876797225560662,-0.31610586244326766,47.585519663630436,-40.85261844662038,110.0,-70.0,0.86241942107536,0.1682238474058365,-0.6056380921871596,0.13264886914156332,0.3884893073242971,-0.5233757996750273,-0.2577721308182098,-101.03262598657867,540.0,205.43454817123683,52.114850157102694,270.0,-19.124150639585018,0.715363564478436,270.0,-13.504226651924776
2.19199999999998,WALK,0.5391999999999996,l,5,False,False,0.9908050348446958,-0.4001415137049299,0.3438307176689608,0.6800644761895881,-0.38441844727700636,50.58122522275523,-42.939365495772975,110.0,-70.0,1.3954866667288301,0.16403546190427354,-0.612383650052698,0.13189716738761978,0.3732139720051759,-0.5341860300187206,-0.23286689014412254,-96.33907408204723,540.0,232.70766634279767,57.64874933658471,270.0,-36.9686390781298,0.0918881370482525,270.0,-19.47432638713587
2.201999999999979,WALK,0.5831999999999997,l,5,False,False,0.9978263359398014,-0.404929860601015,0.31999562512412444,0.6967289561179931,-0.45178170969651266,53.97501363330705,-45.78519677145015,110.0,-70.0,0.2289730717404781,0.1732009258648961,-0.6194049511478037,0.13333805236595286,0.3503526468682805,-0.5456006255773078,-0.21282596647982877,-86.23811335091011,540.0,257.8904175986983,62.91220040937139,270.0,-24.2619908572736,-0.1012020395798372,270.0,-13.959519129849939
2.211999999999978,FALLEN,0.5831999999999997,l,5,False,False,1.0051927332377952,-0.41001474159540297,0.2965355108119121,0.6967289561179931,-0.45178170969651266,57.65061118730117,-49.28010041054021,110.0,-70.0,0.2289730717404781,0.16583452856690228,-0.6267713484457975,0.13712943187101848,0.3205992981586473,-0.5570830738296016,-0.19743165957234865,2.1448810318533065,540.0,-8.201737251826588,-1.0397384573777853,270.0,-9.773197803425832,-4.326475572136669,270.0,2.2450944823813486
2.221999999999977,FALLEN,0.5831999999999997,l,5,False,False,1.012950961549215,-0.4148390161643219,0.2718260848273714,0.6967289561179931,-0.45178170969651266,61.25825056523358,-52.98180639107818,110.0,-70.0,0.2289730717404781,0.15807630025548258,-0.6345295767572172,0.1407538633870677,0.2894753362948412,-0.5679657864161751,-0.18361698245325853,2.761787670516842,540.0,-7.575172883785799,-0.376843837897565,270.0,-9.127703910624044,-3.367191246063128,270.0,1.790196002931411
2.231999999999976,FALLEN,0.5831999999999997,l,5,False,False,1.0210353187208305,-0.4194118997979168,0.24586329045866356,0.6967289561179931,-0.45178170969651266,64.80189248714855,-56.880600242980336,110.0,-70.0,0.2289730717404781,0.14999194308386699,-0.6426139339288328,0.1439875319930478,0.2573989006591851,-0.5780639958708673,-0.1710975204549421,3.3279424555088664,540.0,-6.969476227738232,0.25743316721386206,270.0,-8.549929507495122,-2.609340961976299,270.0,1.431533508771155
2.2419999999999747,FALLEN,0.5831999999999997,l,5,False,False,1.0287443391709643,-0.4228599515346985,0.2256049349683266,0.6967289561179931,-0.45178170969651266,69.16699564464429,-62.04701938425457,110.0,-70.0,0.2289730717404781,0.1422829226337332,-0.6503229543789666,0.1478498757954499,0.22526201053337522,-0.5864658964748453,-0.15941919335496646,4.67875955966052,540.0,-8.038247857536529,2.3557497062943513,270.0,-9.950628545910195,-2.017009351828156,270.0,1.1271035553405613
2.2519999999999736,FALLEN,0.5831999999999997,l,5,False,False,1.0357373762380846,-0.4255584778373008,0.2126167722028301,0.6967289561179931,-0.45178170969651266,74.70120587415654,-69.04082947571933,110.0,-70.0,0.2289730717404781,0.13528988556661292,-0.6573159914460869,0.15354119115646808,0.19463974766274295,-0.5927095729734133,-0.148646226217938,5.816803018715614,540.0,-8.359685205186027,3.510774088195224,270.0,-10.868044473057653,-1.550789222558653,270.0,0.9259798868745102
2.2619999999999725,FALLEN,0.5831999999999997,l,5,False,False,1.0424787539163782,-0.42794390993473214,0.20425803257006261,0.6967289561179931,-0.45178170969651266,81.07366143663472,-77.57065501543026,110.0,-70.0,0.2289730717404781,0.12854850788831929,-0.6640573691243805,0.16058955842868672,0.1662098398720942,-0.5972627230069669,-0.1390460731011116,6.93743243650907,540.0,-8.063066303200143,4.289147537822902,270.0,-11.075448004711996,-1.1827102757427448,270.0,0.7922747422709195
2.2719999999999714,FALLEN,0.5831999999999997,l,5,False,False,1.0497810934305563,-0.4296534909685344,0.19950191749654073,0.6967289561179931,-0.45178170969651266,87.87783104666647,-87.02918541830653,110.0,-70.0,0.2289730717404781,0.12124616837414126,-0.6713597086385585,0.16869776749654286,0.14077482084579154,-0.6007737962617277,-0.13106629089212707,7.9108862772652415,540.0,-7.0940806285113815,4.997306526943583,270.0,-10.086373298129306,-0.9243600007440549,270.0,0.6752656759709484
2.2819999999999703,FALLEN,0.5831999999999997,l,5,False,False,1.0565105675479025,-0.43109647990420313,0.20109498137021178,0.6967289561179931,-0.45178170969651266,91.70224316704319,-92.36030772399415,110.0,-70.0,0.2289730717404781,0.114516694256795,-0.6780891827559048,0.17536999947495563,0.12021883129722583,-0.6030093291114285,-0.12203059579311193,6.059971356054839,540.0,-5.466151154265904,2.4740563971642935,270.0,-8.374818870307692,-0.7297446515468224,270.0,0.5980155543482977
2.291999999999969,FALLEN,0.5831999999999997,l,5,False,False,1.0610466082883399,-0.43392518229464433,0.20540822317828755,0.6967289561179931,-0.45178170969651266,92.95646343894929,-94.0509629975276,110.0,-70.0,0.2289730717404781,0.10998065351635766,-0.6826252234963421,0.17898912846784493,0.10271873047735965,-0.6036466151563367,-0.11079272986260347,4.847367922792621,540.0,-4.586109560830708,1.1118583655890673,270.0,-6.980532585795786,-0.5763294870553868,270.0,0.550724850396261
2.301999999999968,FALLEN,0.5831999999999997,l,5,False,False,1.0642113354507923,-0.43767991286844043,0.20990159950244858,0.6967289561179931,-0.45178170969651266,93.12709816575314,-94.23151008716083,110.0,-70.0,0.2289730717404781,0.10681592635390524,-0.6857899506587946,0.18081652131861628,0.08849890941309883,-0.603246274436602,-0.09860237419471762,4.087665511014464,540.0,-3.9637476588992886,0.376976363395332,270.0,-5.761624672330104,-0.4509048352315266,270.0,0.5159730459993391
2.311999999999967,FALLEN,0.5831999999999997,l,5,False,True,1.0664967504371077,-0.44180167543025045,0.2136283226610131,0.6967289561179931,-0.45178170969651266,92.8674351672167,-93.82672746536127,110.0,-70.0,0.2289730717404781,0.10453051136758984,-0.68807536564511,0.18144152623515786,0.07876704490671223,-0.6021579238677672,-0.0876473096816186,3.584993865692608,540.0,-3.836284602328945,-0.023097128830866592,270.0,-2.9580857880684492,-0.36785596921026775,270.0,0.8665747966084578
2.321999999999966,FALLEN,0.5831999999999997,l,5,False,True,1.0682503938011911,-0.4456745123457641,0.2166382921839753,0.6967289561179931,-0.45178170969651266,92.52952632400458,-93.32344423395503,110.0,-70.0,0.2289730717404781,0.10277686800350638,-0.6898290090091934,0.18123226350935853,0.07787488749694,-0.6006562314648749,-0.08320842701522524,3.4224966633554557,540.0,-3.9113366476533495,-0.0922187474288199,270.0,-1.5199915058210927,-0.2874233635931033,270.0,0.92784976280718
2.3319999999999648,FALLEN,0.5831999999999997,l,5,False,True,1.0698016869523799,-0.4494075342238465,0.21880258246516673,0.6967289561179931,-0.45178170969651266,92.18772005321708,-92.82815181353352,110.0,-70.0,0.2289730717404781,0.10122557485231765,-0.6913803021603822,0.18018760568313513,0.07995739620957412,-0.5987492793838824,-0.08159790777222575,3.3883506851871386,540.0,-3.8549764805039173,-0.03835026714138303,270.0,-1.0493328597671554,-0.21142315990225607,270.0,0.8385771420131254
2.3419999999999637,FALLEN,0.5831999999999997,l,5,False,True,1.0712594684484955,-0.4530862295226279,0.2200677609151414,0.6967289561179931,-0.45178170969651266,91.84700884554765,-92.3492565672215,110.0,-70.0,0.2289730717404781,0.099767793356202,-0.6928380836564978,0.17828476518346306,0.0823811729607353,-0.5964324954414583,-0.08094897004884671,3.3835379767345577,540.0,-3.740630131344479,0.03812608247690169,270.0,-0.8514562671545675,-0.14795693944143418,270.0,0.7236779321098626
2.3519999999999626,FALLEN,0.5831999999999997,l,5,False,True,1.0726639931458537,-0.4567357083210695,0.22042803690533358,0.6967289561179931,-0.45178170969651266,91.49205750925549,-91.86741572333536,110.0,-70.0,0.2289730717404781,0.09836326865884382,-0.694242608353856,0.17550236530447882,0.08425395297564126,-0.5937191873789298,-0.080637086748786,3.3772907555507947,540.0,-3.6046592550082712,0.10833058315632058,270.0,-0.7271297942094124,-0.09750462305004443,270.0,0.6172750622223089
2.3619999999999615,FALLEN,0.5831999999999997,l,5,False,True,1.0739978571615858,-0.4603926691297201,0.21991910867215786,0.6967289561179931,-0.45178170969651266,91.09632814643199,-91.3505391075245,110.0,-70.0,0.2289730717404781,0.09702940464311172,-0.6955764723695881,0.1718127704525712,0.08531989119457517,-0.5906024920863389,-0.08043430891969838,3.355927969375785,540.0,-3.4709763121425605,0.14468380959002652,270.0,-0.6566063600041354,-0.05839668866927279,270.0,0.49190843408379614
2.3719999999999604,FALLEN,0.5831999999999997,l,5,False,True,1.0752422622349227,-0.464047591953553,0.2187742399476811,0.6967289561179931,-0.45178170969651266,90.64978452985115,-90.78802861953753,110.0,-70.0,0.2289730717404781,0.09578499956977482,-0.696820877442925,0.16719682935661723,0.08565384388321766,-0.5870854754503226,-0.0802148146352436,3.3416748882711778,540.0,-3.4051001150056566,0.22397230718943723,270.0,-0.5233735511915089,-0.03280986185747061,270.0,0.22804374493090027
2.3819999999999593,FALLEN,0.5831999999999997,l,5,False,True,1.0764395690265773,-0.4675708262748712,0.21753176006724234,0.6967289561179931,-0.45178170969651266,90.17466919291444,-90.20849555724354,110.0,-70.0,0.2289730717404781,0.09458769277812018,-0.6980181842345796,0.16171461797833658,0.08562317168842305,-0.5831941916245666,-0.08004906573818782,3.3438809193173187,540.0,-3.3745711360356383,0.3525063845450573,270.0,-0.33624575381968047,-0.015124884203407279,270.0,-0.10759763152018578
2.391999999999958,FALLEN,0.5831999999999997,l,5,False,True,1.0776010997427639,-0.4709432981986044,0.21620758208683571,0.6967289561179931,-0.45178170969651266,89.6686476232729,-89.61081120482667,110.0,-70.0,0.2289730717404781,0.09342616206193366,-0.6991797149507661,0.15538531827594784,0.08533616798939964,-0.5789151283668259,-0.0799300695142765,3.352625565709599,540.0,-3.338896541568249,0.48650095770553403,270.0,-0.18211766320947131,-0.0004873889175184646,270.0,-0.4267875531531869
2.401999999999957,FALLEN,0.5831999999999997,l,5,False,True,1.0787255545302337,-0.4741653102387089,0.2147637328721599,0.6967289561179931,-0.45178170969651266,89.13405471425101,-88.99938827249947,110.0,-70.0,0.2289730717404781,0.09230170727446385,-0.700304169738236,0.14822161242339768,0.08483830863629764,-0.5742259222509727,-0.07983162354770357,3.372614910059578,540.0,-3.296377848847768,0.6241840298056057,270.0,-0.05839542285499545,0.011897426819630161,270.0,-0.7217121219491098
2.411999999999956,FALLEN,0.5831999999999997,l,5,False,True,1.0798094757658294,-0.4772361785766665,0.21321804446232834,0.6967289561179931,-0.45178170969651266,88.58187394157127,-88.38804276989387,110.0,-70.0,0.2289730717404781,0.0912177860388681,-0.7013880909738317,0.14024110916999588,0.08417425027040382,-0.5691030063614275,-0.07973801802066705,3.450113939807874,540.0,-3.18615539511216,0.8169577440141919,270.0,0.04153273981103648,0.026648452378024167,270.0,-0.8859261777390348
2.421999999999955,FALLEN,0.5831999999999997,l,5,False,True,1.080885842036565,-0.48014560481919144,0.2123097010678174,0.6967289561179931,-0.45178170969651266,88.16393438135184,-87.94650442599604,110.0,-70.0,0.2289730717404781,0.0901414197681325,-0.7024644572445673,0.13129621142892164,0.08367581183721828,-0.563306330512069,-0.07987136259371219,3.748816634664463,540.0,-2.8054371359060344,1.2224098304349722,270.0,0.09887215498522867,0.05574297731482944,270.0,-0.5773361391879417
2.4319999999999538,FALLEN,0.5831999999999997,l,5,False,True,1.0819673378787273,-0.48291276197820887,0.21196346528255314,0.6967289561179931,-0.45178170969651266,87.88064950979025,-87.66734362848956,110.0,-70.0,0.2289730717404781,0.08905992392597017,-0.7035459530867296,0.12136420586018883,0.08342932359909327,-0.5567057788460799,-0.08028996101687724,3.9474540085753294,540.0,-2.5059764632096058,1.5258890932842224,270.0,0.11917293483354931,0.07454698724798736,270.0,-0.3824755172683783
2.4419999999999527,FALLEN,0.5831999999999997,l,5,False,True,1.083063950593923,-0.48555403876595526,0.21183026919883602,0.6967289561179931,-0.45178170969651266,87.67347415397448,-87.48013293069683,110.0,-70.0,0.2289730717404781,0.0879633112107745,-0.7046425658019253,0.11056366090108312,0.08324127365046702,-0.54938100990484,-0.08087219323474537,4.086268885094571,540.0,-2.2643580852197642,1.7597058256395768,270.0,0.12198931491681175,0.08646808248240659,270.0,-0.28447348310135656
2.4519999999999516,FALLEN,0.5831999999999997,l,5,False,True,1.0841715556172613,-0.48808271529318614,0.2117433618412324,0.6967289561179931,-0.45178170969651266,87.50509095232486,-87.34123093786789,110.0,-70.0,0.2289730717404781,0.08685570618743621,-0.7057501708252636,0.09899193185983547,0.08301858333641582,-0.5413746165803106,-0.08153797272290597,4.189029368246178,540.0,-2.0769173220799892,1.9463859806626544,270.0,0.12572188616859384,0.09299639348395888,270.0,-0.2735552263079064
2.4619999999999505,FALLEN,0.5831999999999997,l,5,True,True,1.0854351584429265,-0.4905043576132222,0.21168192994526525,0.6967289561179931,-0.45178170969651266,87.3828463453152,-87.25556236530036,110.0,-70.0,0.2289730717404781,0.08559210336177103,-0.7070137736509288,0.08803455582849531,0.08274371770488034,-0.5337385638438317,-0.08239127508464383,3.3255546773302607,540.0,-1.8545435815176239,2.4015559175628938,270.0,0.26663625686410874,-5.148392744273237,270.0,-0.3641545916342058
2.4719999999999493,FALLEN,0.5831999999999997,l,5,True,True,1.0871437050866384,-0.4927863355385802,0.21171315592460208,0.6967289561179931,-0.45178170969651266,87.35104293704383,-87.26480453830209,110.0,-70.0,0.2289730717404781,0.08388355671805914,-0.7087223202946407,0.08336529332943982,0.08241532612768449,-0.5303805639490374,-0.08367268945071027,2.498256935670062,540.0,-1.6803613939934952,2.550790331811808,270.0,0.42587830542891925,-8.49308462623807,270.0,-0.518487792302638
2.4819999999999482,FALLEN,0.5831999999999997,l,5,True,True,1.0890547041182332,-0.4949397158226364,0.21181905739136786,0.6967289561179931,-0.45178170969651266,87.36534706084105,-87.32008208539625,110.0,-70.0,0.2289730717404781,0.08197255768646428,-0.7106333193262355,0.08175712031068236,0.08206775231913951,-0.5291604172063451,-0.0851687120251392,2.1132383234824244,540.0,-1.5674924525159883,2.7199368246624718,270.0,0.5316428701381686,-8.87881043830392,270.0,-0.6747836423323327
2.491999999999947,FALLEN,0.5831999999999997,l,5,True,True,1.0910447463158346,-0.4969808083502665,0.21196444109364773,0.6967289561179931,-0.45178170969651266,87.40045732200183,-87.39439690291094,110.0,-70.0,0.2289730717404781,0.07998251548886293,-0.7126233615238369,0.081058469892864,0.08170786197486385,-0.5290615298692338,-0.08676965533987246,1.9182724284589754,540.0,-1.4769760243418306,2.9623109835319315,270.0,0.6033804518472285,-8.228554793347492,270.0,-0.811748296230974
2.501999999999946,FALLEN,0.5831999999999997,l,5,True,True,1.0930640457429426,-0.4989177362447211,0.21212494997685208,0.6967289561179931,-0.45178170969651266,87.4483229408486,-87.47907059680841,110.0,-70.0,0.2289730717404781,0.07796321606175494,-0.7146426609509449,0.08046126960971903,0.08133417443807045,-0.5296828100035973,-0.08842882518142647,1.79513098649277,540.0,-1.3905575671359027,3.15909552419654,270.0,0.6556351236155562,-7.321799101894103,270.0,-0.923605707102597
2.511999999999945,FALLEN,0.5831999999999997,l,5,True,True,1.0950947144540744,-0.5007567089690497,0.2122901921194085,0.6967289561179931,-0.45178170969651266,87.50792900924351,-87.57269673642752,110.0,-70.0,0.2289730717404781,0.07593254735062316,-0.7166733296620766,0.07974948501311141,0.08092854335486432,-0.5307705990810758,-0.09013068006298308,1.703415146116053,540.0,-1.2979609172905109,3.3161155823493607,270.0,0.6990538881824571,-6.423879725177979,270.0,-0.9809580487083024
