controller,t_s,com_x_m,com_y_m,com_z_m,vx_mps,vy_mps,pitch_deg,roll_deg,state_code
track,0.002,0.0370,0.0000,0.6710,0.0000,0.0000,0.00,0.00,0
track,0.022,0.0370,0.0000,0.6690,-0.0030,0.0000,0.00,0.00,0
track,0.042,0.0370,0.0000,0.6650,0.0400,0.0000,-0.20,0.00,0
track,0.062,0.0380,0.0000,0.6650,0.1120,-0.0000,-1.00,0.00,0
track,0.082,0.0380,0.0000,0.6650,0.1060,-0.0000,-1.80,-0.00,0
track,0.102,0.0380,0.0000,0.6660,0.0540,-0.0000,-2.30,-0.00,0
track,0.122,0.0370,0.0000,0.6660,0.0010,0.0000,-2.50,-0.00,0
track,0.142,0.0370,0.0000,0.6660,-0.0320,0.0000,-2.50,-0.00,0
track,0.162,0.0360,0.0000,0.6650,-0.0430,0.0000,-2.40,-0.00,0
track,0.182,0.0360,0.0000,0.6650,-0.0390,0.0000,-2.30,-0.00,0
track,0.202,0.0360,0.0000,0.6650,-0.0270,0.0000,-2.10,-0.00,0
track,0.222,0.0360,0.0000,0.6650,-0.0140,0.0000,-2.00,-0.00,0
track,0.242,0.0360,0.0000,0.6650,-0.0030,0.0000,-1.90,-0.00,0
track,0.262,0.0360,0.0000,0.6650,0.0050,0.0000,-1.80,-0.00,0
track,0.282,0.0360,0.0000,0.6650,0.0110,0.0000,-1.70,-0.00,0
track,0.302,0.0370,0.0000,0.6650,0.0140,-0.0000,-1.70,-0.00,0
track,0.322,0.0370,0.0000,0.6650,0.0160,-0.0000,-1.60,-0.00,0
track,0.342,0.0380,0.0000,0.6650,0.0170,0.0000,-1.50,-0.00,0
track,0.362,0.0380,0.0000,0.6650,0.0180,0.0000,-1.40,-0.00,0
track,0.382,0.0390,0.0000,0.6650,0.0190,0.0000,-1.30,-0.00,0
track,0.402,0.0390,0.0000,0.6650,0.0200,0.0000,-1.20,-0.00,0
track,0.422,0.0400,0.0000,0.6650,0.0200,-0.0000,-1.10,-0.00,0
track,0.442,0.0400,0.0000,0.6650,0.0200,-0.0000,-1.00,-0.00,0
track,0.462,0.0410,0.0000,0.6660,0.0200,-0.0000,-0.90,-0.00,0
track,0.482,0.0410,0.0000,0.6660,0.0190,-0.0000,-0.90,-0.00,0
track,0.502,0.0410,0.0000,0.6660,0.0190,-0.0000,-0.80,-0.00,0
track,0.522,0.0420,-0.0000,0.6660,0.0170,-0.0000,-0.80,-0.00,0
track,0.542,0.0420,-0.0000,0.6660,0.0160,-0.0000,-0.70,-0.00,0
track,0.562,0.0420,-0.0000,0.6660,0.0140,-0.0000,-0.70,0.00,0
track,0.582,0.0420,-0.0000,0.6660,0.0120,-0.0000,-0.70,0.00,0
track,0.602,0.0430,-0.0000,0.6660,0.0110,-0.0000,-0.70,0.00,0
track,0.622,0.0430,-0.0000,0.6660,0.0090,-0.0000,-0.70,-0.00,0
track,0.642,0.0430,-0.0000,0.6660,0.0070,0.0000,-0.70,-0.00,0
track,0.662,0.0430,-0.0000,0.6660,0.0050,0.0000,-0.70,-0.00,0
track,0.682,0.0430,-0.0000,0.6660,0.0030,0.0000,-0.70,-0.00,0
track,0.702,0.0430,0.0000,0.6660,0.0010,0.0000,-0.70,-0.00,0
track,0.722,0.0430,0.0000,0.6660,-0.0000,0.0000,-0.80,0.00,0
track,0.742,0.0430,-0.0000,0.6660,-0.0020,0.0000,-0.80,0.00,0
track,0.762,0.0430,-0.0000,0.6660,-0.0030,-0.0000,-0.80,0.00,0
track,0.782,0.0430,-0.0000,0.6660,-0.0040,-0.0000,-0.90,0.00,0
track,0.802,0.0420,-0.0000,0.6660,-0.0050,-0.0000,-0.90,0.00,0
track,0.822,0.0420,-0.0000,0.6660,-0.0060,-0.0000,-0.90,0.00,0
track,0.842,0.0420,-0.0000,0.6660,-0.0060,-0.0000,-1.00,0.00,0
track,0.862,0.0420,-0.0000,0.6660,-0.0070,-0.0000,-1.00,0.00,0
track,0.882,0.0420,-0.0000,0.6660,-0.0070,-0.0000,-1.00,0.00,0
track,0.902,0.0420,-0.0000,0.6660,-0.0070,-0.0000,-1.10,0.00,0
track,0.922,0.0410,-0.0000,0.6660,-0.0070,-0.0000,-1.10,0.00,0
track,0.942,0.0410,-0.0000,0.6650,-0.0070,-0.0000,-1.10,0.00,0
track,0.962,0.0410,-0.0000,0.6650,-0.0070,-0.0000,-1.10,0.00,0
track,0.982,0.0410,-0.0000,0.6650,-0.0060,0.0000,-1.20,0.00,0
track,1.002,0.0410,-0.0000,0.6650,-0.0060,0.0000,-1.20,-0.00,1
track,1.022,0.0410,0.0000,0.6650,-0.0450,-0.0090,-0.90,-0.20,1
track,1.042,0.0400,0.0000,0.6650,-0.1110,0.0010,-0.30,-0.40,1
track,1.062,0.0390,0.0010,0.6650,-0.1210,0.0170,0.40,-0.60,1
track,1.082,0.0390,0.0020,0.6650,-0.0910,0.0320,1.00,-0.80,1
track,1.102,0.0390,0.0030,0.6660,-0.0260,0.0420,1.20,-0.90,1
track,1.122,0.0390,0.0040,0.6660,0.0820,0.0490,0.60,-1.10,1
track,1.142,0.0400,0.0050,0.6670,0.1140,0.0550,-0.20,-1.30,1
track,1.162,0.0400,0.0070,0.6670,0.0840,0.0570,-0.80,-1.40,1
track,1.182,0.0390,0.0080,0.6670,0.0410,0.0560,-1.40,-1.60,1
track,1.202,0.0390,0.0090,0.6670,0.0040,0.0540,-1.80,-1.70,1
track,1.222,0.0380,0.0100,0.6670,-0.0240,0.0510,-2.10,-1.80,1
track,1.242,0.0360,0.0110,0.6670,-0.0510,0.0480,-2.40,-1.90,1
track,1.262,0.0350,0.0120,0.6670,-0.0790,0.0450,-2.50,-2.00,1
track,1.282,0.0330,0.0120,0.6670,-0.1110,0.0400,-2.40,-2.10,1
track,1.302,0.0320,0.0130,0.6670,-0.1410,0.0330,-2.10,-2.10,1
track,1.322,0.0300,0.0140,0.6670,-0.1570,0.0260,-1.70,-2.20,1
track,1.342,0.0280,0.0140,0.6670,-0.1430,0.0190,-1.30,-2.20,1
track,1.362,0.0270,0.0150,0.6680,-0.0830,0.0150,-1.40,-2.20,1
track,1.382,0.0260,0.0150,0.6680,-0.0090,0.0120,-1.90,-2.20,1
track,1.402,0.0250,0.0150,0.6690,0.0020,0.0020,-2.50,-2.20,1
track,1.422,0.0240,0.0150,0.6690,-0.0160,-0.0110,-3.00,-2.10,1
track,1.442,0.0230,0.0150,0.6690,-0.0370,-0.0210,-3.50,-2.10,1
track,1.462,0.0210,0.0150,0.6690,-0.0520,-0.0290,-3.90,-1.90,1
track,1.482,0.0200,0.0150,0.6690,-0.0650,-0.0360,-4.30,-1.80,1
track,1.502,0.0180,0.0140,0.6690,-0.0770,-0.0390,-4.60,-1.70,1
track,1.522,0.0160,0.0140,0.6700,-0.0860,-0.0410,-4.90,-1.60,1
track,1.542,0.0140,0.0130,0.6700,-0.0930,-0.0430,-5.10,-1.50,1
track,1.562,0.0120,0.0130,0.6700,-0.0980,-0.0440,-5.40,-1.40,1
track,1.582,0.0100,0.0120,0.6700,-0.1010,-0.0420,-5.60,-1.30,1
track,1.602,0.0080,0.0120,0.6700,-0.1030,-0.0390,-5.90,-1.20,1
track,1.622,0.0060,0.0110,0.6700,-0.1030,-0.0350,-6.20,-1.10,1
track,1.642,0.0030,0.0110,0.6710,-0.1030,-0.0280,-6.50,-1.10,1
track,1.662,0.0010,0.0110,0.6710,-0.1020,-0.0200,-6.80,-1.00,1
track,1.682,-0.0010,0.0110,0.6710,-0.1000,-0.0100,-7.10,-1.00,1
track,1.702,-0.0030,0.0110,0.6710,-0.0960,0.0010,-7.50,-1.00,1
track,1.722,-0.0050,0.0120,0.6710,-0.0890,0.0150,-7.90,-1.00,1
track,1.742,-0.0070,0.0130,0.6710,-0.0740,0.0350,-8.40,-0.90,1
track,1.762,-0.0090,0.0150,0.6710,-0.0570,0.0570,-9.00,-0.90,1
track,1.782,-0.0100,0.0170,0.6710,-0.0350,0.0840,-9.50,-0.80,1
track,1.802,-0.0100,0.0200,0.6710,-0.0160,0.1100,-10.10,-0.70,1
track,1.822,-0.0110,0.0230,0.6700,0.0070,0.1370,-10.80,-0.60,1
track,1.842,-0.0100,0.0260,0.6700,0.0280,0.1650,-11.40,-0.40,1
track,1.862,-0.0100,0.0310,0.6700,0.0570,0.1960,-12.20,-0.30,1
track,1.882,-0.0080,0.0350,0.6700,0.0900,0.2290,-13.10,-0.10,1
track,1.902,-0.0070,0.0410,0.6700,0.1170,0.2610,-13.90,0.10,1
track,1.922,-0.0050,0.0470,0.6700,0.1340,0.2920,-14.80,0.30,1
track,1.942,-0.0030,0.0530,0.6700,0.1410,0.3190,-15.50,0.50,1
track,1.962,-0.0010,0.0590,0.6690,0.1400,0.3420,-16.10,0.50,1
track,1.982,0.0000,0.0660,0.6680,0.1330,0.3610,-16.60,0.50,1
track,2.002,0.0020,0.0730,0.6660,0.1350,0.3770,-16.90,0.40,1
track,2.022,0.0040,0.0810,0.6640,0.1340,0.3980,-17.10,0.20,1
track,2.042,0.0060,0.0880,0.6620,0.1290,0.4010,-17.40,0.10,1
track,2.062,0.0080,0.0950,0.6610,0.1010,0.3710,-17.70,-0.20,1
track,2.082,0.0100,0.1010,0.6610,0.0350,0.3460,-17.70,-0.60,1
track,2.102,0.0120,0.1060,0.6610,0.0160,0.3170,-18.00,-0.90,1
track,2.122,0.0140,0.1110,0.6610,0.0170,0.2880,-18.50,-1.30,1
track,2.142,0.0170,0.1150,0.6620,0.0190,0.2600,-19.20,-1.70,1
track,2.162,0.0190,0.1190,0.6620,0.0160,0.2320,-20.00,-2.10,1
track,2.182,0.0210,0.1220,0.6630,0.0070,0.2050,-20.80,-2.60,1
track,2.202,0.0220,0.1250,0.6650,-0.0060,0.1780,-21.60,-3.10,1
track,2.222,0.0230,0.1270,0.6660,-0.0230,0.1510,-22.40,-3.60,1
track,2.242,0.0230,0.1280,0.6680,-0.0430,0.1240,-23.10,-4.10,1
track,2.262,0.0230,0.1300,0.6690,-0.0630,0.0990,-23.80,-4.70,1
track,2.282,0.0230,0.1300,0.6710,-0.0850,0.0750,-24.50,-5.30,1
track,2.302,0.0210,0.1300,0.6730,-0.1060,0.0540,-25.10,-5.80,1
track,2.322,0.0190,0.1300,0.6740,-0.1250,0.0340,-25.80,-6.40,1
track,2.342,0.0170,0.1300,0.6760,-0.1430,0.0170,-26.40,-7.00,1
track,2.362,0.0140,0.1290,0.6770,-0.1600,0.0010,-27.10,-7.50,1
track,2.382,0.0110,0.1280,0.6770,-0.1740,-0.0130,-27.80,-8.00,1
track,2.402,0.0070,0.1270,0.6770,-0.1870,-0.0260,-28.50,-8.50,1
track,2.422,0.0030,0.1250,0.6770,-0.1990,-0.0390,-29.30,-8.90,1
track,2.442,-0.0020,0.1230,0.6760,-0.2110,-0.0540,-30.20,-9.30,1
track,2.462,-0.0070,0.1210,0.6750,-0.2230,-0.0690,-31.10,-9.60,1
track,2.482,-0.0130,0.1190,0.6740,-0.2380,-0.0860,-32.20,-10.00,1
track,2.502,-0.0190,0.1160,0.6720,-0.2550,-0.1050,-33.20,-10.30,1
track,2.522,-0.0270,0.1130,0.6700,-0.2750,-0.1260,-34.40,-10.60,1
track,2.542,-0.0340,0.1090,0.6680,-0.3000,-0.1490,-35.60,-10.90,1
track,2.562,-0.0430,0.1050,0.6650,-0.3300,-0.1730,-36.80,-11.20,1
track,2.582,-0.0520,0.1010,0.6630,-0.5060,-0.2170,-37.10,-11.50,1
track,2.602,-0.0620,0.0950,0.6620,-0.6120,-0.2350,-36.80,-11.70,1
track,2.622,-0.0720,0.0890,0.6630,-0.5950,-0.2660,-37.20,-12.00,1
track,2.642,-0.0820,0.0820,0.6640,-0.5630,-0.3000,-38.20,-12.40,1
track,2.662,-0.0940,0.0760,0.6640,-0.5530,-0.3340,-39.50,-13.10,1
track,2.682,-0.1060,0.0690,0.6640,-0.5700,-0.3610,-41.00,-14.00,1
track,2.702,-0.1190,0.0620,0.6620,-0.6090,-0.3780,-42.60,-14.90,1
track,2.722,-0.1330,0.0550,0.6590,-0.6650,-0.3850,-44.10,-15.90,1
track,2.742,-0.1490,0.0480,0.6560,-0.7340,-0.3860,-45.60,-16.70,1
track,2.762,-0.1660,0.0420,0.6510,-0.8130,-0.3850,-47.00,-17.40,1
track,2.782,-0.1850,0.0350,0.6450,-0.9000,-0.3820,-48.10,-17.80,1
track,2.802,-0.2060,0.0290,0.6390,-0.9930,-0.3790,-49.10,-18.00,1
track,2.822,-0.2270,0.0220,0.6320,-1.0820,-0.3780,-49.80,-17.80,1
track,2.842,-0.2500,0.0150,0.6230,-1.1540,-0.3770,-50.40,-17.50,1
track,2.862,-0.2740,0.0080,0.6130,-1.2020,-0.3730,-50.80,-17.10,1
track,2.882,-0.2970,0.0010,0.5990,-1.2220,-0.3660,-51.30,-16.60,1
track,2.902,-0.3210,-0.0070,0.5810,-1.2150,-0.3500,-51.90,-16.00,1
track,2.922,-0.3440,-0.0140,0.5610,-1.2000,-0.3280,-52.50,-15.20,1
track,2.942,-0.3670,-0.0220,0.5380,-1.1940,-0.3380,-53.50,-15.00,1
track,2.962,-0.3910,-0.0300,0.5190,-1.2150,-0.3600,-55.70,-16.30,2
track,2.982,-0.4160,-0.0380,0.4990,-1.2150,-0.3600,-58.00,-18.10,2
track,3.002,-0.4400,-0.0460,0.4740,-1.2150,-0.3600,-60.40,-20.20,2
track,3.022,-0.4650,-0.0540,0.4470,-1.2150,-0.3600,-62.90,-22.60,2
track,3.042,-0.4900,-0.0610,0.4170,-1.2150,-0.3600,-65.50,-25.40,2
track,3.062,-0.5140,-0.0690,0.3830,-1.2150,-0.3600,-68.20,-28.80,2
track,3.082,-0.5390,-0.0760,0.3460,-1.2150,-0.3600,-70.90,-32.80,2
track,3.102,-0.5640,-0.0840,0.3050,-1.2150,-0.3600,-73.70,-37.70,2
track,3.122,-0.5880,-0.0910,0.2610,-1.2150,-0.3600,-76.50,-43.40,2
track,3.142,-0.6130,-0.0980,0.2130,-1.2150,-0.3600,-79.30,-50.40,2
track,3.162,-0.6370,-0.1040,0.1700,-1.2150,-0.3600,-83.90,-64.90,2
track,3.182,-0.6550,-0.1050,0.1630,-1.2150,-0.3600,-88.90,-85.10,2
track,3.202,-0.6620,-0.1040,0.1700,-1.2150,-0.3600,-90.50,-92.20,2
track,3.222,-0.6660,-0.1020,0.1770,-1.2150,-0.3600,-91.40,-96.40,2
track,3.242,-0.6700,-0.1000,0.1820,-1.2150,-0.3600,-92.10,-99.80,2
track,3.262,-0.6720,-0.0970,0.1850,-1.2150,-0.3600,-92.50,-102.40,2
track,3.282,-0.6740,-0.0950,0.1860,-1.2150,-0.3600,-92.80,-104.10,2
track,3.302,-0.6760,-0.0940,0.1870,-1.2150,-0.3600,-92.80,-104.60,2
track,3.322,-0.6760,-0.0920,0.1860,-1.2150,-0.3600,-92.60,-104.00,2
track,3.342,-0.6760,-0.0900,0.1840,-1.2150,-0.3600,-92.10,-102.10,2
track,3.362,-0.6760,-0.0880,0.1820,-1.2150,-0.3600,-91.50,-98.80,2
track,3.382,-0.6750,-0.0870,0.1790,-1.2150,-0.3600,-90.60,-94.00,2
track,3.402,-0.6730,-0.0850,0.1760,-1.2150,-0.3600,-89.60,-87.50,2
track,3.422,-0.6710,-0.0830,0.1710,-1.2150,-0.3600,-88.40,-79.50,2
track,3.442,-0.6690,-0.0810,0.1670,-1.2150,-0.3600,-87.10,-71.40,2
track,3.462,-0.6690,-0.0800,0.1660,-1.2150,-0.3600,-87.00,-70.60,2
track,3.482,-0.6700,-0.0780,0.1660,-1.2150,-0.3600,-87.40,-73.30,2
track,3.502,-0.6710,-0.0760,0.1660,-1.2150,-0.3600,-87.80,-75.60,2
track,3.522,-0.6710,-0.0740,0.1660,-1.2150,-0.3600,-88.00,-76.90,2
track,3.542,-0.6710,-0.0710,0.1660,-1.2150,-0.3600,-88.20,-77.90,2
track,3.562,-0.6720,-0.0690,0.1650,-1.2150,-0.3600,-88.30,-79.00,2
track,3.582,-0.6720,-0.0660,0.1650,-1.2150,-0.3600,-88.50,-80.30,2
track,3.602,-0.6720,-0.0630,0.1640,-1.2150,-0.3600,-88.70,-81.70,2
track,3.622,-0.6730,-0.0600,0.1640,-1.2150,-0.3600,-89.00,-83.20,2
track,3.642,-0.6730,-0.0560,0.1630,-1.2150,-0.3600,-89.20,-84.90,2
track,3.662,-0.6740,-0.0530,0.1630,-1.2150,-0.3600,-89.30,-84.90,2
track,3.682,-0.6740,-0.0520,0.1630,-1.2150,-0.3600,-89.30,-84.80,2
track,3.702,-0.6740,-0.0510,0.1620,-1.2150,-0.3600,-89.30,-84.70,2
track,3.722,-0.6740,-0.0510,0.1620,-1.2150,-0.3600,-89.30,-84.60,2
track,3.742,-0.6740,-0.0510,0.1620,-1.2150,-0.3600,-89.30,-84.50,2
track,3.762,-0.6740,-0.0510,0.1620,-1.2150,-0.3600,-89.30,-84.50,2
track,3.782,-0.6740,-0.0510,0.1620,-1.2150,-0.3600,-89.30,-84.50,2
track,3.802,-0.6740,-0.0500,0.1620,-1.2150,-0.3600,-89.30,-84.60,2
track,3.822,-0.6740,-0.0500,0.1620,-1.2150,-0.3600,-89.30,-84.60,2
track,3.842,-0.6740,-0.0500,0.1620,-1.2150,-0.3600,-89.30,-84.70,2
track,3.862,-0.6740,-0.0500,0.1620,-1.2150,-0.3600,-89.30,-84.80,2
track,3.882,-0.6740,-0.0500,0.1620,-1.2150,-0.3600,-89.30,-84.80,2
track,3.902,-0.6740,-0.0500,0.1620,-1.2150,-0.3600,-89.30,-84.90,2
track,3.922,-0.6740,-0.0490,0.1620,-1.2150,-0.3600,-89.30,-84.90,2
track,3.942,-0.6740,-0.0490,0.1620,-1.2150,-0.3600,-89.30,-85.00,2
track,3.962,-0.6740,-0.0490,0.1620,-1.2150,-0.3600,-89.30,-85.10,2
track,3.982,-0.6740,-0.0490,0.1620,-1.2150,-0.3600,-89.30,-85.10,2
track,4.002,-0.6740,-0.0490,0.1610,-1.2150,-0.3600,-89.30,-85.20,2
track,4.022,-0.6740,-0.0490,0.1610,-1.2150,-0.3600,-89.40,-85.30,2
track,4.042,-0.6740,-0.0480,0.1610,-1.2150,-0.3600,-89.40,-85.30,2
track,4.062,-0.6740,-0.0480,0.1610,-1.2150,-0.3600,-89.40,-85.40,2
track,4.082,-0.6740,-0.0480,0.1610,-1.2150,-0.3600,-89.40,-85.50,2
track,4.102,-0.6740,-0.0480,0.1610,-1.2150,-0.3600,-89.40,-85.50,2
track,4.122,-0.6740,-0.0480,0.1610,-1.2150,-0.3600,-89.40,-85.60,2
track,4.142,-0.6740,-0.0470,0.1610,-1.2150,-0.3600,-89.40,-85.70,2
track,4.162,-0.6740,-0.0470,0.1610,-1.2150,-0.3600,-89.40,-85.80,2
track,4.182,-0.6740,-0.0470,0.1610,-1.2150,-0.3600,-89.40,-85.90,2
track,4.202,-0.6730,-0.0470,0.1610,-1.2150,-0.3600,-89.50,-85.90,2
track,4.222,-0.6730,-0.0470,0.1600,-1.2150,-0.3600,-89.50,-86.00,2
track,4.242,-0.6730,-0.0460,0.1600,-1.2150,-0.3600,-89.50,-86.10,2
track,4.262,-0.6730,-0.0460,0.1600,-1.2150,-0.3600,-89.50,-86.20,2
track,4.282,-0.6730,-0.0460,0.1600,-1.2150,-0.3600,-89.50,-86.30,2
track,4.302,-0.6730,-0.0460,0.1600,-1.2150,-0.3600,-89.50,-86.40,2
track,4.322,-0.6730,-0.0450,0.1600,-1.2150,-0.3600,-89.50,-86.50,2
track,4.342,-0.6730,-0.0450,0.1600,-1.2150,-0.3600,-89.50,-86.60,2
track,4.362,-0.6730,-0.0450,0.1600,-1.2150,-0.3600,-89.50,-86.70,2
track,4.382,-0.6730,-0.0450,0.1600,-1.2150,-0.3600,-89.60,-86.80,2
track,4.402,-0.6730,-0.0440,0.1590,-1.2150,-0.3600,-89.60,-86.90,2
track,4.422,-0.6730,-0.0440,0.1590,-1.2150,-0.3600,-89.60,-87.00,2
track,4.442,-0.6730,-0.0440,0.1590,-1.2150,-0.3600,-89.60,-87.10,2
track,4.462,-0.6730,-0.0440,0.1590,-1.2150,-0.3600,-89.60,-87.20,2
track,4.482,-0.6730,-0.0430,0.1590,-1.2150,-0.3600,-89.60,-87.30,2
track,4.502,-0.6720,-0.0430,0.1590,-1.2150,-0.3600,-89.60,-87.40,2
track,4.522,-0.6720,-0.0430,0.1590,-1.2150,-0.3600,-89.70,-87.50,2
track,4.542,-0.6720,-0.0430,0.1590,-1.2150,-0.3600,-89.70,-87.60,2
track,4.562,-0.6720,-0.0420,0.1580,-1.2150,-0.3600,-89.70,-87.70,2
track,4.582,-0.6720,-0.0420,0.1580,-1.2150,-0.3600,-89.70,-87.90,2
track,4.602,-0.6720,-0.0420,0.1580,-1.2150,-0.3600,-89.70,-88.00,2
track,4.622,-0.6720,-0.0410,0.1580,-1.2150,-0.3600,-89.70,-88.10,2
track,4.642,-0.6720,-0.0410,0.1580,-1.2150,-0.3600,-89.80,-88.20,2
track,4.662,-0.6720,-0.0410,0.1580,-1.2150,-0.3600,-89.80,-88.40,2
track,4.682,-0.6720,-0.0400,0.1570,-1.2150,-0.3600,-89.80,-88.50,2
track,4.702,-0.6720,-0.0400,0.1570,-1.2150,-0.3600,-89.80,-88.70,2
track,4.722,-0.6720,-0.0400,0.1570,-1.2150,-0.3600,-89.80,-88.80,2
track,4.742,-0.6710,-0.0390,0.1570,-1.2150,-0.3600,-89.90,-89.00,2
track,4.762,-0.6710,-0.0390,0.1570,-1.2150,-0.3600,-89.90,-89.10,2
track,4.782,-0.6710,-0.0390,0.1570,-1.2150,-0.3600,-89.90,-89.20,2
track,4.802,-0.6710,-0.0380,0.1560,-1.2150,-0.3600,-89.90,-89.30,2
track,4.822,-0.6710,-0.0380,0.1560,-1.2150,-0.3600,-89.90,-89.50,2
track,4.842,-0.6710,-0.0380,0.1560,-1.2150,-0.3600,-89.90,-89.60,2
track,4.862,-0.6710,-0.0370,0.1560,-1.2150,-0.3600,-90.00,-89.70,2
track,4.882,-0.6710,-0.0370,0.1560,-1.2150,-0.3600,-90.00,-89.70,2
track,4.902,-0.6700,-0.0370,0.1560,-1.2150,-0.3600,-90.00,-89.80,2
track,4.922,-0.6700,-0.0370,0.1550,-1.2150,-0.3600,-90.00,-89.70,2
track,4.942,-0.6700,-0.0360,0.1550,-1.2150,-0.3600,-90.00,-89.70,2
track,4.962,-0.6700,-0.0360,0.1550,-1.2150,-0.3600,-90.00,-89.70,2
track,4.982,-0.6700,-0.0360,0.1550,-1.2150,-0.3600,-90.00,-89.70,2
track,5.002,-0.6700,-0.0360,0.1550,-1.2150,-0.3600,-90.00,-89.70,2
track,5.022,-0.6690,-0.0360,0.1550,-1.2150,-0.3600,-90.00,-89.70,2
track,5.042,-0.6690,-0.0350,0.1540,-1.2150,-0.3600,-90.00,-89.70,2
track,5.062,-0.6690,-0.0350,0.1540,-1.2150,-0.3600,-90.00,-89.70,2
track,5.082,-0.6690,-0.0350,0.1540,-1.2150,-0.3600,-90.00,-89.70,2
track,5.102,-0.6690,-0.0350,0.1540,-1.2150,-0.3600,-90.00,-89.70,2
track,5.122,-0.6680,-0.0350,0.1540,-1.2150,-0.3600,-90.00,-89.70,2
track,5.142,-0.6680,-0.0340,0.1530,-1.2150,-0.3600,-90.00,-89.70,2
track,5.162,-0.6680,-0.0340,0.1530,-1.2150,-0.3600,-90.00,-89.70,2
track,5.182,-0.6680,-0.0340,0.1530,-1.2150,-0.3600,-90.00,-89.70,2
track,5.202,-0.6680,-0.0340,0.1530,-1.2150,-0.3600,-90.00,-89.70,2
track,5.222,-0.6680,-0.0340,0.1530,-1.2150,-0.3600,-90.00,-89.70,2
track,5.242,-0.6670,-0.0330,0.1520,-1.2150,-0.3600,-90.00,-89.70,2
track,5.262,-0.6670,-0.0330,0.1520,-1.2150,-0.3600,-90.00,-89.70,2
track,5.282,-0.6670,-0.0330,0.1520,-1.2150,-0.3600,-90.00,-89.70,2
track,5.302,-0.6670,-0.0320,0.1520,-1.2150,-0.3600,-90.00,-89.70,2
track,5.322,-0.6670,-0.0320,0.1510,-1.2150,-0.3600,-90.00,-89.70,2
track,5.342,-0.6670,-0.0320,0.1510,-1.2150,-0.3600,-90.00,-89.70,2
track,5.362,-0.6660,-0.0320,0.1510,-1.2150,-0.3600,-90.00,-89.70,2
track,5.382,-0.6660,-0.0310,0.1500,-1.2150,-0.3600,-90.00,-89.70,2
track,5.402,-0.6660,-0.0310,0.1500,-1.2150,-0.3600,-90.00,-89.70,2
track,5.422,-0.6660,-0.0310,0.1500,-1.2150,-0.3600,-90.00,-89.70,2
track,5.442,-0.6660,-0.0300,0.1500,-1.2150,-0.3600,-90.00,-89.70,2
track,5.462,-0.6650,-0.0300,0.1490,-1.2150,-0.3600,-90.00,-89.70,2
track,5.482,-0.6650,-0.0300,0.1490,-1.2150,-0.3600,-90.00,-89.70,2
track,5.502,-0.6650,-0.0290,0.1490,-1.2150,-0.3600,-90.00,-89.70,2
track,5.522,-0.6650,-0.0290,0.1480,-1.2150,-0.3600,-90.00,-89.70,2
track,5.542,-0.6650,-0.0280,0.1480,-1.2150,-0.3600,-90.00,-89.70,2
track,5.562,-0.6650,-0.0280,0.1480,-1.2150,-0.3600,-90.00,-89.70,2
track,5.582,-0.6650,-0.0280,0.1470,-1.2150,-0.3600,-90.00,-89.70,2
track,5.602,-0.6640,-0.0270,0.1470,-1.2150,-0.3600,-90.00,-89.70,2
track,5.622,-0.6640,-0.0270,0.1470,-1.2150,-0.3600,-90.00,-89.70,2
track,5.642,-0.6640,-0.0260,0.1460,-1.2150,-0.3600,-90.00,-89.80,2
track,5.662,-0.6640,-0.0260,0.1460,-1.2150,-0.3600,-90.00,-89.80,2
track,5.682,-0.6640,-0.0260,0.1460,-1.2150,-0.3600,-90.00,-89.80,2
track,5.702,-0.6640,-0.0250,0.1460,-1.2150,-0.3600,-90.00,-89.80,2
track,5.722,-0.6640,-0.0250,0.1450,-1.2150,-0.3600,-90.00,-89.80,2
track,5.742,-0.6640,-0.0240,0.1450,-1.2150,-0.3600,-90.00,-89.80,2
track,5.762,-0.6640,-0.0240,0.1450,-1.2150,-0.3600,-90.00,-89.80,2
track,5.782,-0.6640,-0.0230,0.1440,-1.2150,-0.3600,-90.00,-89.70,2
track,5.802,-0.6640,-0.0230,0.1440,-1.2150,-0.3600,-90.00,-89.70,2
track,5.822,-0.6640,-0.0220,0.1430,-1.2150,-0.3600,-90.00,-89.70,2
track,5.842,-0.6640,-0.0220,0.1430,-1.2150,-0.3600,-90.00,-89.70,2
track,5.862,-0.6640,-0.0210,0.1430,-1.2150,-0.3600,-90.00,-89.70,2
track,5.882,-0.6640,-0.0210,0.1420,-1.2150,-0.3600,-90.00,-89.70,2
track,5.902,-0.6640,-0.0200,0.1420,-1.2150,-0.3600,-90.00,-89.70,2
track,5.922,-0.6640,-0.0200,0.1420,-1.2150,-0.3600,-90.00,-89.80,2
track,5.942,-0.6640,-0.0200,0.1420,-1.2150,-0.3600,-90.00,-89.80,2
track,5.962,-0.6640,-0.0190,0.1420,-1.2150,-0.3600,-90.00,-89.90,2
track,5.982,-0.6640,-0.0190,0.1420,-1.2150,-0.3600,-90.00,-89.80,2
track,6.002,-0.6640,-0.0190,0.1420,-1.2150,-0.3600,-90.00,-89.80,2
track,6.022,-0.6640,-0.0180,0.1420,-1.2150,-0.3600,-90.00,-89.80,2
track,6.042,-0.6640,-0.0180,0.1420,-1.2150,-0.3600,-90.00,-89.80,2
track,6.062,-0.6640,-0.0180,0.1420,-1.2150,-0.3600,-90.00,-89.80,2
track,6.082,-0.6640,-0.0180,0.1420,-1.2150,-0.3600,-90.00,-89.80,2
track,6.102,-0.6640,-0.0170,0.1410,-1.2150,-0.3600,-90.00,-89.80,2
track,6.122,-0.6640,-0.0170,0.1410,-1.2150,-0.3600,-90.00,-89.80,2
track,6.142,-0.6640,-0.0170,0.1410,-1.2150,-0.3600,-90.00,-89.80,2
track,6.162,-0.6640,-0.0170,0.1410,-1.2150,-0.3600,-90.00,-89.80,2
track,6.182,-0.6640,-0.0160,0.1410,-1.2150,-0.3600,-90.00,-89.80,2
track,6.202,-0.6640,-0.0160,0.1410,-1.2150,-0.3600,-90.00,-89.80,2
track,6.222,-0.6640,-0.0160,0.1410,-1.2150,-0.3600,-90.00,-89.80,2
track,6.242,-0.6640,-0.0150,0.1410,-1.2150,-0.3600,-90.00,-89.80,2
track,6.262,-0.6640,-0.0150,0.1410,-1.2150,-0.3600,-90.00,-89.80,2
track,6.282,-0.6640,-0.0150,0.1410,-1.2150,-0.3600,-90.00,-89.80,2
track,6.302,-0.6640,-0.0140,0.1410,-1.2150,-0.3600,-90.00,-89.80,2
track,6.322,-0.6640,-0.0140,0.1410,-1.2150,-0.3600,-90.00,-89.80,2
track,6.342,-0.6630,-0.0140,0.1410,-1.2150,-0.3600,-90.00,-89.80,2
track,6.362,-0.6630,-0.0130,0.1410,-1.2150,-0.3600,-90.00,-89.80,2
track,6.382,-0.6630,-0.0130,0.1410,-1.2150,-0.3600,-90.00,-89.80,2
track,6.402,-0.6630,-0.0120,0.1410,-1.2150,-0.3600,-90.00,-89.80,2
track,6.422,-0.6630,-0.0120,0.1400,-1.2150,-0.3600,-90.00,-89.80,2
track,6.442,-0.6630,-0.0110,0.1400,-1.2150,-0.3600,-90.00,-89.80,2
track,6.462,-0.6630,-0.0110,0.1400,-1.2150,-0.3600,-90.00,-89.80,2
track,6.482,-0.6630,-0.0110,0.1400,-1.2150,-0.3600,-90.00,-89.80,2
track,6.502,-0.6630,-0.0100,0.1400,-1.2150,-0.3600,-90.00,-89.80,2
track,6.522,-0.6630,-0.0100,0.1400,-1.2150,-0.3600,-90.00,-89.80,2
track,6.542,-0.6630,-0.0090,0.1400,-1.2150,-0.3600,-90.00,-89.80,2
track,6.562,-0.6630,-0.0080,0.1400,-1.2150,-0.3600,-90.00,-89.80,2
track,6.582,-0.6630,-0.0080,0.1400,-1.2150,-0.3600,-90.00,-89.80,2
track,6.602,-0.6630,-0.0070,0.1390,-1.2150,-0.3600,-90.00,-89.80,2
track,6.622,-0.6630,-0.0070,0.1390,-1.2150,-0.3600,-90.00,-89.80,2
track,6.642,-0.6630,-0.0060,0.1390,-1.2150,-0.3600,-90.00,-89.80,2
track,6.662,-0.6630,-0.0050,0.1390,-1.2150,-0.3600,-90.00,-89.80,2
track,6.682,-0.6630,-0.0050,0.1390,-1.2150,-0.3600,-90.00,-89.80,2
track,6.702,-0.6630,-0.0040,0.1390,-1.2150,-0.3600,-90.00,-89.80,2
track,6.722,-0.6630,-0.0030,0.1380,-1.2150,-0.3600,-90.00,-89.80,2
track,6.742,-0.6630,-0.0020,0.1380,-1.2150,-0.3600,-90.00,-89.80,2
track,6.762,-0.6620,-0.0000,0.1380,-1.2150,-0.3600,-90.00,-89.80,2
track,6.782,-0.6620,0.0010,0.1370,-1.2150,-0.3600,-90.00,-89.80,2
track,6.802,-0.6620,0.0030,0.1370,-1.2150,-0.3600,-89.90,-89.60,2
track,6.822,-0.6620,0.0030,0.1370,-1.2150,-0.3600,-89.80,-88.80,2
track,6.842,-0.6620,0.0030,0.1370,-1.2150,-0.3600,-89.80,-88.50,2
track,6.862,-0.6620,0.0030,0.1370,-1.2150,-0.3600,-89.80,-88.70,2
track,6.882,-0.6620,0.0030,0.1370,-1.2150,-0.3600,-89.90,-89.20,2
track,6.902,-0.6620,0.0030,0.1370,-1.2150,-0.3600,-90.00,-89.80,2
track,6.922,-0.6620,0.0030,0.1370,-1.2150,-0.3600,-90.00,-89.90,2
track,6.942,-0.6620,0.0030,0.1370,-1.2150,-0.3600,-90.00,-89.80,2
track,6.962,-0.6620,0.0030,0.1370,-1.2150,-0.3600,-90.00,-89.80,2
track,6.982,-0.6620,0.0030,0.1370,-1.2150,-0.3600,-90.00,-89.70,2
track,7.002,-0.6620,0.0030,0.1370,-1.2150,-0.3600,-90.00,-89.70,2
track,7.022,-0.6620,0.0030,0.1370,-1.2150,-0.3600,-90.00,-89.70,2
track,7.042,-0.6620,0.0030,0.1370,-1.2150,-0.3600,-90.00,-89.70,2
track,7.062,-0.6620,0.0030,0.1370,-1.2150,-0.3600,-90.00,-89.70,2
track,7.082,-0.6620,0.0030,0.1370,-1.2150,-0.3600,-90.00,-89.70,2
track,7.102,-0.6620,0.0030,0.1370,-1.2150,-0.3600,-90.00,-89.70,2
track,7.122,-0.6620,0.0030,0.1370,-1.2150,-0.3600,-90.00,-89.70,2
track,7.142,-0.6620,0.0030,0.1370,-1.2150,-0.3600,-90.00,-89.70,2
track,7.162,-0.6620,0.0030,0.1370,-1.2150,-0.3600,-90.00,-89.70,2
track,7.182,-0.6620,0.0030,0.1370,-1.2150,-0.3600,-90.00,-89.70,2
track,7.202,-0.6620,0.0030,0.1370,-1.2150,-0.3600,-90.00,-89.70,2
track,7.222,-0.6620,0.0030,0.1370,-1.2150,-0.3600,-90.00,-89.70,2
track,7.242,-0.6620,0.0030,0.1370,-1.2150,-0.3600,-90.00,-89.70,2
track,7.262,-0.6620,0.0030,0.1370,-1.2150,-0.3600,-90.00,-89.70,2
track,7.282,-0.6620,0.0030,0.1370,-1.2150,-0.3600,-90.00,-89.70,2
track,7.302,-0.6620,0.0030,0.1370,-1.2150,-0.3600,-90.00,-89.70,2
track,7.322,-0.6620,0.0030,0.1370,-1.2150,-0.3600,-90.00,-89.70,2
track,7.342,-0.6620,0.0030,0.1370,-1.2150,-0.3600,-90.00,-89.70,2
track,7.362,-0.6620,0.0030,0.1370,-1.2150,-0.3600,-90.00,-89.70,2
track,7.382,-0.6620,0.0030,0.1370,-1.2150,-0.3600,-90.00,-89.70,2
track,7.402,-0.6620,0.0030,0.1370,-1.2150,-0.3600,-90.00,-89.70,2
track,7.422,-0.6620,0.0030,0.1370,-1.2150,-0.3600,-90.00,-89.70,2
track,7.442,-0.6620,0.0030,0.1360,-1.2150,-0.3600,-90.00,-89.70,2
track,7.462,-0.6620,0.0030,0.1360,-1.2150,-0.3600,-90.00,-89.70,2
track,7.482,-0.6620,0.0030,0.1360,-1.2150,-0.3600,-90.00,-89.70,2
track,7.502,-0.6620,0.0030,0.1360,-1.2150,-0.3600,-90.00,-89.70,2
track,7.522,-0.6620,0.0030,0.1360,-1.2150,-0.3600,-90.00,-89.70,2
track,7.542,-0.6620,0.0030,0.1360,-1.2150,-0.3600,-90.00,-89.70,2
track,7.562,-0.6620,0.0030,0.1360,-1.2150,-0.3600,-90.00,-89.70,2
track,7.582,-0.6620,0.0030,0.1360,-1.2150,-0.3600,-90.00,-89.70,2
track,7.602,-0.6620,0.0030,0.1360,-1.2150,-0.3600,-90.00,-89.70,2
track,7.622,-0.6620,0.0030,0.1360,-1.2150,-0.3600,-90.00,-89.70,2
track,7.642,-0.6620,0.0030,0.1360,-1.2150,-0.3600,-90.00,-89.70,2
track,7.662,-0.6620,0.0040,0.1360,-1.2150,-0.3600,-90.00,-89.70,2
track,7.682,-0.6620,0.0040,0.1360,-1.2150,-0.3600,-90.00,-89.70,2
track,7.702,-0.6620,0.0040,0.1360,-1.2150,-0.3600,-90.00,-89.70,2
track,7.722,-0.6620,0.0040,0.1360,-1.2150,-0.3600,-90.00,-89.70,2
track,7.742,-0.6620,0.0040,0.1360,-1.2150,-0.3600,-90.00,-89.70,2
track,7.762,-0.6620,0.0040,0.1360,-1.2150,-0.3600,-90.00,-89.70,2
track,7.782,-0.6620,0.0040,0.1360,-1.2150,-0.3600,-90.00,-89.70,2
track,7.802,-0.6620,0.0040,0.1360,-1.2150,-0.3600,-90.00,-89.70,2
track,7.822,-0.6620,0.0040,0.1360,-1.2150,-0.3600,-90.00,-89.70,2
track,7.842,-0.6620,0.0040,0.1360,-1.2150,-0.3600,-90.00,-89.70,2
track,7.862,-0.6620,0.0040,0.1360,-1.2150,-0.3600,-90.00,-89.70,2
track,7.882,-0.6620,0.0040,0.1360,-1.2150,-0.3600,-90.00,-89.70,2
track,7.902,-0.6620,0.0040,0.1360,-1.2150,-0.3600,-90.00,-89.70,2
track,7.922,-0.6620,0.0040,0.1360,-1.2150,-0.3600,-90.00,-89.70,2
track,7.942,-0.6620,0.0040,0.1360,-1.2150,-0.3600,-90.00,-89.70,2
track,7.962,-0.6620,0.0040,0.1360,-1.2150,-0.3600,-90.00,-89.70,2
track,7.982,-0.6620,0.0040,0.1360,-1.2150,-0.3600,-90.00,-89.70,2
track,8.002,-0.6620,0.0040,0.1360,-1.2150,-0.3600,-90.00,-89.70,2
track,8.022,-0.6620,0.0040,0.1360,-1.2150,-0.3600,-90.00,-89.70,2
track,8.042,-0.6620,0.0040,0.1360,-1.2150,-0.3600,-90.00,-89.70,2
track,8.062,-0.6620,0.0040,0.1360,-1.2150,-0.3600,-90.00,-89.70,2
track,8.082,-0.6620,0.0040,0.1360,-1.2150,-0.3600,-90.00,-89.70,2
track,8.102,-0.6620,0.0040,0.1360,-1.2150,-0.3600,-90.00,-89.70,2
track,8.122,-0.6620,0.0040,0.1360,-1.2150,-0.3600,-90.00,-89.70,2
track,8.142,-0.6620,0.0040,0.1360,-1.2150,-0.3600,-90.00,-89.70,2
track,8.162,-0.6620,0.0040,0.1360,-1.2150,-0.3600,-90.00,-89.70,2
track,8.182,-0.6620,0.0040,0.1360,-1.2150,-0.3600,-90.00,-89.70,2
track,8.202,-0.6620,0.0040,0.1360,-1.2150,-0.3600,-90.00,-89.70,2
track,8.222,-0.6620,0.0040,0.1360,-1.2150,-0.3600,-90.00,-89.70,2
track,8.242,-0.6620,0.0040,0.1360,-1.2150,-0.3600,-90.00,-89.70,2
track,8.262,-0.6620,0.0040,0.1360,-1.2150,-0.3600,-90.00,-89.70,2
track,8.282,-0.6620,0.0040,0.1360,-1.2150,-0.3600,-90.00,-89.70,2
track,8.302,-0.6620,0.0040,0.1360,-1.2150,-0.3600,-90.00,-89.70,2
track,8.322,-0.6620,0.0040,0.1360,-1.2150,-0.3600,-90.00,-89.70,2
track,8.342,-0.6620,0.0040,0.1360,-1.2150,-0.3600,-90.00,-89.70,2
track,8.362,-0.6620,0.0040,0.1360,-1.2150,-0.3600,-90.00,-89.70,2
track,8.382,-0.6620,0.0040,0.1360,-1.2150,-0.3600,-90.00,-89.70,2
track,8.402,-0.6620,0.0040,0.1360,-1.2150,-0.3600,-90.00,-89.70,2
track,8.422,-0.6620,0.0040,0.1360,-1.2150,-0.3600,-90.00,-89.70,2
track,8.442,-0.6620,0.0040,0.1360,-1.2150,-0.3600,-90.00,-89.70,2
track,8.462,-0.6620,0.0040,0.1360,-1.2150,-0.3600,-90.00,-89.70,2
track,8.482,-0.6620,0.0040,0.1360,-1.2150,-0.3600,-90.00,-89.70,2
track,8.502,-0.6620,0.0040,0.1360,-1.2150,-0.3600,-90.00,-89.70,2
track,8.522,-0.6620,0.0040,0.1360,-1.2150,-0.3600,-90.00,-89.70,2
track,8.542,-0.6620,0.0040,0.1360,-1.2150,-0.3600,-90.00,-89.70,2
track,8.562,-0.6620,0.0040,0.1360,-1.2150,-0.3600,-90.00,-89.70,2
track,8.582,-0.6620,0.0040,0.1360,-1.2150,-0.3600,-90.00,-89.70,2
track,8.602,-0.6620,0.0040,0.1360,-1.2150,-0.3600,-90.00,-89.70,2
track,8.622,-0.6620,0.0040,0.1360,-1.2150,-0.3600,-90.00,-89.70,2
track,8.642,-0.6620,0.0040,0.1360,-1.2150,-0.3600,-90.00,-89.70,2
track,8.662,-0.6620,0.0040,0.1360,-1.2150,-0.3600,-90.00,-89.70,2
track,8.682,-0.6620,0.0040,0.1360,-1.2150,-0.3600,-90.00,-89.70,2
track,8.702,-0.6620,0.0040,0.1360,-1.2150,-0.3600,-90.00,-89.70,2
track,8.722,-0.6620,0.0050,0.1360,-1.2150,-0.3600,-90.00,-89.70,2
track,8.742,-0.6620,0.0050,0.1360,-1.2150,-0.3600,-90.00,-89.70,2
track,8.762,-0.6620,0.0050,0.1360,-1.2150,-0.3600,-90.00,-89.70,2
track,8.782,-0.6620,0.0050,0.1360,-1.2150,-0.3600,-90.00,-89.70,2
track,8.802,-0.6620,0.0050,0.1360,-1.2150,-0.3600,-90.00,-89.70,2
track,8.822,-0.6620,0.0050,0.1360,-1.2150,-0.3600,-90.00,-89.70,2
track,8.842,-0.6620,0.0050,0.1360,-1.2150,-0.3600,-90.00,-89.70,2
track,8.862,-0.6620,0.0050,0.1360,-1.2150,-0.3600,-90.00,-89.70,2
track,8.882,-0.6620,0.0050,0.1360,-1.2150,-0.3600,-90.00,-89.70,2
track,8.902,-0.6620,0.0050,0.1360,-1.2150,-0.3600,-90.00,-89.70,2
track,8.922,-0.6620,0.0050,0.1360,-1.2150,-0.3600,-90.00,-89.70,2
track,8.942,-0.6620,0.0050,0.1360,-1.2150,-0.3600,-90.00,-89.70,2
track,8.962,-0.6620,0.0050,0.1360,-1.2150,-0.3600,-90.00,-89.70,2
track,8.982,-0.6620,0.0050,0.1360,-1.2150,-0.3600,-90.00,-89.70,2
raibert,0.002,0.0370,0.0000,0.6710,0.0000,0.0000,0.00,0.00,0
raibert,0.022,0.0370,0.0000,0.6690,-0.0030,0.0000,0.00,0.00,0
raibert,0.042,0.0370,0.0000,0.6650,0.0400,0.0000,-0.20,0.00,0
raibert,0.062,0.0380,0.0000,0.6650,0.1120,-0.0000,-1.00,0.00,0
raibert,0.082,0.0380,0.0000,0.6650,0.1060,-0.0000,-1.80,-0.00,0
raibert,0.102,0.0380,0.0000,0.6660,0.0540,-0.0000,-2.30,-0.00,0
raibert,0.122,0.0370,0.0000,0.6660,0.0010,0.0000,-2.50,-0.00,0
raibert,0.142,0.0370,0.0000,0.6660,-0.0320,0.0000,-2.50,-0.00,0
raibert,0.162,0.0360,0.0000,0.6650,-0.0430,0.0000,-2.40,-0.00,0
raibert,0.182,0.0360,0.0000,0.6650,-0.0390,0.0000,-2.30,-0.00,0
raibert,0.202,0.0360,0.0000,0.6650,-0.0270,0.0000,-2.10,-0.00,0
raibert,0.222,0.0360,0.0000,0.6650,-0.0140,0.0000,-2.00,-0.00,0
raibert,0.242,0.0360,0.0000,0.6650,-0.0030,0.0000,-1.90,-0.00,0
raibert,0.262,0.0360,0.0000,0.6650,0.0050,0.0000,-1.80,-0.00,0
raibert,0.282,0.0360,0.0000,0.6650,0.0110,0.0000,-1.70,-0.00,0
raibert,0.302,0.0370,0.0000,0.6650,0.0140,-0.0000,-1.70,-0.00,0
raibert,0.322,0.0370,0.0000,0.6650,0.0160,-0.0000,-1.60,-0.00,0
raibert,0.342,0.0380,0.0000,0.6650,0.0170,0.0000,-1.50,-0.00,0
raibert,0.362,0.0380,0.0000,0.6650,0.0180,0.0000,-1.40,-0.00,0
raibert,0.382,0.0390,0.0000,0.6650,0.0190,0.0000,-1.30,-0.00,0
raibert,0.402,0.0390,0.0000,0.6650,0.0200,0.0000,-1.20,-0.00,0
raibert,0.422,0.0400,0.0000,0.6650,0.0200,-0.0000,-1.10,-0.00,0
raibert,0.442,0.0400,0.0000,0.6650,0.0200,-0.0000,-1.00,-0.00,0
raibert,0.462,0.0410,0.0000,0.6660,0.0200,-0.0000,-0.90,-0.00,0
raibert,0.482,0.0410,0.0000,0.6660,0.0190,-0.0000,-0.90,-0.00,0
raibert,0.502,0.0410,0.0000,0.6660,0.0190,-0.0000,-0.80,-0.00,0
raibert,0.522,0.0420,-0.0000,0.6660,0.0170,-0.0000,-0.80,-0.00,0
raibert,0.542,0.0420,-0.0000,0.6660,0.0160,-0.0000,-0.70,-0.00,0
raibert,0.562,0.0420,-0.0000,0.6660,0.0140,-0.0000,-0.70,0.00,0
raibert,0.582,0.0420,-0.0000,0.6660,0.0120,-0.0000,-0.70,0.00,0
raibert,0.602,0.0430,-0.0000,0.6660,0.0110,-0.0000,-0.70,0.00,0
raibert,0.622,0.0430,-0.0000,0.6660,0.0090,-0.0000,-0.70,-0.00,0
raibert,0.642,0.0430,-0.0000,0.6660,0.0070,0.0000,-0.70,-0.00,0
raibert,0.662,0.0430,-0.0000,0.6660,0.0050,0.0000,-0.70,-0.00,0
raibert,0.682,0.0430,-0.0000,0.6660,0.0030,0.0000,-0.70,-0.00,0
raibert,0.702,0.0430,0.0000,0.6660,0.0010,0.0000,-0.70,-0.00,0
raibert,0.722,0.0430,0.0000,0.6660,-0.0000,0.0000,-0.80,0.00,0
raibert,0.742,0.0430,-0.0000,0.6660,-0.0020,0.0000,-0.80,0.00,0
raibert,0.762,0.0430,-0.0000,0.6660,-0.0030,-0.0000,-0.80,0.00,0
raibert,0.782,0.0430,-0.0000,0.6660,-0.0040,-0.0000,-0.90,0.00,0
raibert,0.802,0.0420,-0.0000,0.6660,-0.0050,-0.0000,-0.90,0.00,0
raibert,0.822,0.0420,-0.0000,0.6660,-0.0060,-0.0000,-0.90,0.00,0
raibert,0.842,0.0420,-0.0000,0.6660,-0.0060,-0.0000,-1.00,0.00,0
raibert,0.862,0.0420,-0.0000,0.6660,-0.0070,-0.0000,-1.00,0.00,0
raibert,0.882,0.0420,-0.0000,0.6660,-0.0070,-0.0000,-1.00,0.00,0
raibert,0.902,0.0420,-0.0000,0.6660,-0.0070,-0.0000,-1.10,0.00,0
raibert,0.922,0.0410,-0.0000,0.6660,-0.0070,-0.0000,-1.10,0.00,0
raibert,0.942,0.0410,-0.0000,0.6650,-0.0070,-0.0000,-1.10,0.00,0
raibert,0.962,0.0410,-0.0000,0.6650,-0.0070,-0.0000,-1.10,0.00,0
raibert,0.982,0.0410,-0.0000,0.6650,-0.0060,0.0000,-1.20,0.00,0
raibert,1.002,0.0410,-0.0000,0.6650,-0.0060,0.0000,-1.20,-0.00,1
raibert,1.022,0.0410,0.0000,0.6660,-0.0410,-0.0010,-1.00,-0.00,1
raibert,1.042,0.0400,0.0000,0.6660,-0.0610,0.0010,-0.70,-0.00,1
raibert,1.062,0.0400,0.0000,0.6660,-0.0520,0.0000,-0.50,-0.00,1
raibert,1.082,0.0390,0.0000,0.6660,-0.0300,-0.0020,-0.50,-0.00,1
raibert,1.102,0.0390,0.0000,0.6660,-0.0080,-0.0040,-0.60,-0.10,1
raibert,1.122,0.0390,0.0000,0.6660,0.0080,-0.0040,-0.80,-0.20,1
raibert,1.142,0.0380,0.0000,0.6660,0.0170,-0.0020,-1.10,-0.30,1
raibert,1.162,0.0380,0.0010,0.6660,0.0240,0.0020,-1.40,-0.40,1
raibert,1.182,0.0380,0.0010,0.6660,0.0310,0.0040,-1.70,-0.60,1
raibert,1.202,0.0380,0.0010,0.6660,0.0410,0.0060,-2.00,-0.80,1
raibert,1.222,0.0380,0.0020,0.6660,0.0540,0.0060,-2.30,-1.00,1
raibert,1.242,0.0390,0.0020,0.6650,0.0710,0.0040,-2.60,-1.20,1
raibert,1.262,0.0400,0.0030,0.6650,0.0890,0.0000,-2.90,-1.50,1
raibert,1.282,0.0410,0.0040,0.6650,0.1080,-0.0040,-3.10,-1.80,1
raibert,1.302,0.0430,0.0040,0.6650,0.1260,-0.0090,-3.20,-2.10,1
raibert,1.322,0.0450,0.0050,0.6650,0.1420,-0.0140,-3.20,-2.50,1
raibert,1.342,0.0470,0.0050,0.6650,0.1550,-0.0200,-3.10,-2.80,1
raibert,1.362,0.0500,0.0060,0.6650,0.1640,-0.0280,-2.90,-3.30,1
raibert,1.382,0.0540,0.0060,0.6640,0.1700,-0.0410,-2.50,-3.70,1
raibert,1.402,0.0580,0.0060,0.6640,0.1750,-0.0570,-2.00,-4.20,1
raibert,1.422,0.0620,0.0060,0.6640,0.1730,-0.0640,-1.30,-4.70,1
raibert,1.442,0.0670,0.0070,0.6640,0.1760,-0.0570,-0.60,-5.00,1
raibert,1.462,0.0720,0.0070,0.6640,0.1830,-0.0440,0.20,-5.20,1
raibert,1.482,0.0770,0.0080,0.6640,0.1870,-0.0280,0.80,-5.20,1
raibert,1.502,0.0830,0.0080,0.6650,0.1880,-0.0110,1.40,-5.00,1
raibert,1.522,0.0870,0.0090,0.6650,0.1860,0.0050,1.90,-4.60,1
raibert,1.542,0.0920,0.0090,0.6650,0.1920,0.0110,2.30,-4.10,1
raibert,1.562,0.0960,0.0080,0.6650,0.1950,0.0090,2.50,-3.60,1
raibert,1.582,0.1000,0.0070,0.6660,0.1720,-0.0180,2.70,-3.20,1
raibert,1.602,0.1030,0.0060,0.6670,0.1340,-0.0380,3.00,-2.80,1
raibert,1.622,0.1050,0.0050,0.6680,0.0950,-0.0440,3.40,-2.40,1
raibert,1.642,0.1070,0.0030,0.6700,0.0610,-0.0420,3.90,-2.00,1
raibert,1.662,0.1080,0.0020,0.6720,0.0320,-0.0370,4.40,-1.50,1
raibert,1.682,0.1100,-0.0000,0.6740,0.0090,-0.0300,5.00,-0.80,1
raibert,1.702,0.1110,-0.0020,0.6770,-0.0070,-0.0220,5.50,-0.10,1
raibert,1.722,0.1110,-0.0040,0.6800,-0.0170,-0.0150,5.90,0.80,1
raibert,1.742,0.1120,-0.0060,0.6830,-0.0200,-0.0090,6.30,1.70,1
raibert,1.762,0.1120,-0.0080,0.6860,-0.0170,-0.0050,6.50,2.80,1
raibert,1.782,0.1110,-0.0100,0.6890,-0.0120,-0.0040,6.60,3.90,1
raibert,1.802,0.1110,-0.0120,0.6910,-0.0050,-0.0140,6.50,5.00,1
raibert,1.822,0.1110,-0.0150,0.6930,-0.0420,-0.0260,6.50,6.10,1
raibert,1.842,0.1100,-0.0170,0.6940,-0.0470,-0.0320,6.40,7.10,1
raibert,1.862,0.1080,-0.0190,0.6930,-0.0260,-0.0440,6.10,8.00,1
raibert,1.882,0.1070,-0.0210,0.6920,0.0050,-0.0600,5.30,8.80,1
raibert,1.902,0.1060,-0.0230,0.6900,0.0280,-0.0670,4.20,9.50,1
raibert,1.922,0.1050,-0.0250,0.6870,0.0300,-0.0560,2.80,10.20,1
raibert,1.942,0.1030,-0.0260,0.6830,0.0270,-0.0400,1.20,10.90,1
raibert,1.962,0.1020,-0.0270,0.6790,0.0460,-0.0140,-0.60,11.70,1
raibert,1.982,0.1020,-0.0270,0.6760,0.1410,0.0250,-3.00,12.60,1
raibert,2.002,0.1020,-0.0270,0.6760,0.2050,0.0710,-5.60,13.60,1
raibert,2.022,0.1040,-0.0250,0.6770,0.2470,0.1200,-8.10,14.70,1
raibert,2.042,0.1060,-0.0230,0.6790,0.2800,0.1660,-10.60,15.90,1
raibert,2.062,0.1080,-0.0210,0.6810,0.3070,0.2060,-13.10,17.20,1
raibert,2.082,0.1110,-0.0170,0.6850,0.3300,0.2380,-15.50,18.60,1
raibert,2.102,0.1140,-0.0140,0.6880,0.3500,0.2630,-17.90,20.00,1
raibert,2.122,0.1170,-0.0090,0.6920,0.3670,0.2800,-20.20,21.40,1
raibert,2.142,0.1200,-0.0050,0.6950,0.3820,0.2940,-22.40,22.70,1
raibert,2.162,0.1240,-0.0000,0.6970,0.3800,0.3000,-24.30,23.90,1
raibert,2.182,0.1280,0.0050,0.6990,0.3680,0.2920,-26.00,24.80,1
raibert,2.202,0.1320,0.0090,0.7000,0.3640,0.2870,-27.30,25.60,1
raibert,2.222,0.1370,0.0140,0.7000,0.3700,0.2830,-28.40,26.10,1
raibert,2.242,0.1410,0.0190,0.6990,0.3820,0.2820,-29.30,26.40,1
raibert,2.262,0.1460,0.0230,0.6980,0.4050,0.2880,-30.00,26.50,1
raibert,2.282,0.1510,0.0280,0.6980,0.4400,0.3020,-30.50,26.40,1
raibert,2.302,0.1560,0.0320,0.6970,0.4840,0.3160,-30.90,26.20,1
raibert,2.322,0.1620,0.0370,0.6970,0.5360,0.3330,-31.20,26.00,1
raibert,2.342,0.1690,0.0420,0.6980,0.5620,0.3470,-31.20,25.60,1
raibert,2.362,0.1770,0.0470,0.6980,0.5600,0.3490,-31.00,25.00,1
raibert,2.382,0.1840,0.0520,0.6970,0.5620,0.3440,-30.40,24.20,1
raibert,2.402,0.1920,0.0570,0.6950,0.5560,0.3320,-29.30,23.10,1
raibert,2.422,0.2020,0.0630,0.6950,0.1130,0.2420,-25.50,20.90,1
raibert,2.442,0.2150,0.0710,0.6980,0.1860,0.2330,-21.90,18.70,1
raibert,2.462,0.2290,0.0790,0.7000,0.3880,0.2560,-19.40,17.00,1
raibert,2.482,0.2440,0.0870,0.7000,0.5780,0.2960,-17.70,15.60,1
raibert,2.502,0.2600,0.0960,0.6990,0.8350,0.3400,-17.20,14.50,1
raibert,2.522,0.2780,0.1050,0.6960,0.9310,0.3760,-17.10,13.50,1
raibert,2.542,0.2950,0.1140,0.6900,0.9240,0.3870,-16.80,12.50,1
raibert,2.562,0.3120,0.1220,0.6810,0.8590,0.3710,-16.30,11.40,1
raibert,2.582,0.3290,0.1310,0.6670,0.7820,0.3460,-15.50,10.10,1
raibert,2.602,0.3460,0.1390,0.6500,0.7030,0.3200,-14.30,8.60,1
raibert,2.622,0.3640,0.1480,0.6300,0.6540,0.3160,-12.80,7.20,1
raibert,2.642,0.3840,0.1540,0.6160,0.8080,0.3150,-12.50,6.40,1
raibert,2.662,0.4060,0.1590,0.6090,0.9280,0.2210,-13.00,5.60,1
raibert,2.682,0.4290,0.1600,0.6080,0.9370,0.0020,-13.00,4.00,1
raibert,2.702,0.4500,0.1600,0.6080,0.5810,-0.2200,-10.10,1.40,1
raibert,2.722,0.4670,0.1590,0.6090,0.3560,-0.1600,-5.30,-0.60,1
raibert,2.742,0.4830,0.1580,0.6080,0.2890,-0.0650,0.30,-1.90,1
raibert,2.762,0.4970,0.1570,0.6060,0.2470,0.0390,6.50,-2.80,1
raibert,2.782,0.5100,0.1580,0.6090,0.2060,0.1710,13.00,-3.40,1
raibert,2.802,0.5250,0.1620,0.6230,0.3090,0.3670,18.60,-3.00,1
raibert,2.822,0.5420,0.1660,0.6450,0.4730,0.5230,23.20,-1.50,1
raibert,2.842,0.5590,0.1710,0.6680,0.5780,0.6310,27.10,0.80,1
raibert,2.862,0.5770,0.1760,0.6930,0.6160,0.5740,31.00,3.30,1
raibert,2.882,0.5930,0.1810,0.7140,0.6260,0.4850,35.00,5.50,1
raibert,2.902,0.6100,0.1860,0.7310,0.7310,0.4240,38.30,7.50,1
raibert,2.922,0.6270,0.1900,0.7440,0.9180,0.3650,40.70,9.10,1
raibert,2.942,0.6440,0.1950,0.7530,1.0580,0.3450,42.10,10.40,1
raibert,2.962,0.6600,0.2000,0.7580,1.0880,0.3770,42.90,11.80,1
raibert,2.982,0.6770,0.2050,0.7590,1.0420,0.4460,43.80,13.90,1
raibert,3.002,0.6940,0.2100,0.7570,0.9960,0.5410,45.00,16.70,1
raibert,3.022,0.7110,0.2150,0.7500,1.0110,0.6450,46.30,20.50,1
raibert,3.042,0.7270,0.2200,0.7400,1.1080,0.7390,47.70,25.10,1
raibert,3.062,0.7440,0.2250,0.7250,1.2840,0.7690,49.00,29.90,1
raibert,3.082,0.7610,0.2300,0.7070,1.3660,0.7220,50.00,34.20,1
raibert,3.102,0.7770,0.2350,0.6850,1.3360,0.6000,50.60,37.60,1
raibert,3.122,0.7940,0.2400,0.6590,1.2970,0.4710,50.70,39.80,1
raibert,3.142,0.8110,0.2460,0.6310,1.2300,0.4650,49.50,41.10,1
raibert,3.162,0.8280,0.2520,0.5990,1.2140,0.3010,47.20,40.60,1
raibert,3.182,0.8450,0.2580,0.5630,1.1580,0.1720,44.90,39.20,1
raibert,3.202,0.8610,0.2650,0.5250,1.1130,0.1000,43.40,37.30,1
raibert,3.222,0.8780,0.2730,0.4870,1.0720,0.1520,44.10,36.70,1
raibert,3.242,0.8960,0.2820,0.4460,0.9210,0.2210,46.30,36.90,1
raibert,3.262,0.9130,0.2910,0.4030,0.7580,0.3090,49.90,38.10,1
raibert,3.282,0.9320,0.3010,0.3560,0.6890,0.4310,54.90,41.10,1
raibert,3.302,0.9500,0.3100,0.3040,0.6890,0.4310,60.70,46.00,2
raibert,3.322,0.9680,0.3190,0.2520,0.6890,0.4310,67.00,52.90,2
raibert,3.342,0.9830,0.3230,0.2150,0.6890,0.4310,77.70,67.90,2
raibert,3.362,0.9950,0.3250,0.1880,0.6890,0.4310,90.20,90.30,2
raibert,3.382,1.0000,0.3250,0.1840,0.6890,0.4310,93.70,97.40,2
raibert,3.402,1.0020,0.3250,0.1870,0.6890,0.4310,93.80,97.70,2
raibert,3.422,1.0030,0.3260,0.1890,0.6890,0.4310,93.20,96.70,2
raibert,3.442,1.0050,0.3270,0.1920,0.6890,0.4310,92.50,95.20,2
raibert,3.462,1.0070,0.3280,0.1920,0.6890,0.4310,91.70,93.60,2
raibert,3.482,1.0090,0.3290,0.1900,0.6890,0.4310,90.90,91.80,2
raibert,3.502,1.0100,0.3300,0.1840,0.6890,0.4310,90.00,89.90,2
raibert,3.522,1.0110,0.3300,0.1810,0.6890,0.4310,89.20,88.20,2
raibert,3.542,1.0110,0.3300,0.1810,0.6890,0.4310,89.10,87.90,2
raibert,3.562,1.0100,0.3290,0.1810,0.6890,0.4310,89.10,88.00,2
raibert,3.582,1.0100,0.3270,0.1810,0.6890,0.4310,89.20,88.20,2
raibert,3.602,1.0090,0.3260,0.1810,0.6890,0.4310,89.20,88.30,2
raibert,3.622,1.0080,0.3240,0.1810,0.6890,0.4310,89.30,88.30,2
raibert,3.642,1.0070,0.3220,0.1800,0.6890,0.4310,89.30,88.40,2
raibert,3.662,1.0060,0.3200,0.1790,0.6890,0.4310,89.30,88.40,2
raibert,3.682,1.0040,0.3170,0.1780,0.6890,0.4310,89.30,88.40,2
raibert,3.702,1.0030,0.3140,0.1780,0.6890,0.4310,89.30,88.50,2
raibert,3.722,1.0020,0.3120,0.1770,0.6890,0.4310,89.30,88.40,2
raibert,3.742,1.0020,0.3120,0.1770,0.6890,0.4310,89.20,88.20,2
raibert,3.762,1.0010,0.3110,0.1770,0.6890,0.4310,89.10,87.90,2
raibert,3.782,1.0010,0.3100,0.1770,0.6890,0.4310,89.00,87.60,2
raibert,3.802,1.0000,0.3100,0.1760,0.6890,0.4310,88.90,87.40,2
raibert,3.822,1.0000,0.3090,0.1760,0.6890,0.4310,88.90,87.10,2
raibert,3.842,1.0000,0.3080,0.1760,0.6890,0.4310,88.80,86.90,2
raibert,3.862,0.9990,0.3070,0.1750,0.6890,0.4310,88.70,86.70,2
raibert,3.882,0.9990,0.3060,0.1750,0.6890,0.4310,88.70,86.40,2
raibert,3.902,0.9980,0.3050,0.1750,0.6890,0.4310,88.60,86.10,2
raibert,3.922,0.9980,0.3030,0.1740,0.6890,0.4310,88.50,85.90,2
raibert,3.942,0.9970,0.3020,0.1740,0.6890,0.4310,88.40,85.50,2
raibert,3.962,0.9970,0.3010,0.1740,0.6890,0.4310,88.30,85.20,2
raibert,3.982,0.9960,0.3000,0.1730,0.6890,0.4310,88.20,84.90,2
raibert,4.002,0.9960,0.2990,0.1730,0.6890,0.4310,88.20,84.50,2
raibert,4.022,0.9950,0.2970,0.1730,0.6890,0.4310,88.10,84.10,2
raibert,4.042,0.9950,0.2960,0.1720,0.6890,0.4310,88.00,83.70,2
raibert,4.062,0.9940,0.2950,0.1720,0.6890,0.4310,87.90,83.20,2
raibert,4.082,0.9940,0.2930,0.1720,0.6890,0.4310,87.80,82.70,2
raibert,4.102,0.9940,0.2920,0.1710,0.6890,0.4310,87.70,82.20,2
raibert,4.122,0.9930,0.2900,0.1710,0.6890,0.4310,87.60,81.60,2
raibert,4.142,0.9930,0.2880,0.1710,0.6890,0.4310,87.50,81.00,2
raibert,4.162,0.9920,0.2870,0.1700,0.6890,0.4310,87.40,80.30,2
raibert,4.182,0.9920,0.2850,0.1700,0.6890,0.4310,87.30,79.50,2
raibert,4.202,0.9910,0.2830,0.1690,0.6890,0.4310,87.20,78.70,2
raibert,4.222,0.9910,0.2810,0.1690,0.6890,0.4310,87.10,77.70,2
raibert,4.242,0.9900,0.2790,0.1680,0.6890,0.4310,87.00,76.70,2
raibert,4.262,0.9900,0.2780,0.1680,0.6890,0.4310,86.80,75.50,2
raibert,4.282,0.9900,0.2750,0.1680,0.6890,0.4310,86.70,74.20,2
raibert,4.302,0.9890,0.2730,0.1670,0.6890,0.4310,86.60,72.60,2
raibert,4.322,0.9890,0.2710,0.1670,0.6890,0.4310,86.50,70.90,2
raibert,4.342,0.9890,0.2690,0.1660,0.6890,0.4310,86.30,69.00,2
raibert,4.362,0.9880,0.2670,0.1660,0.6890,0.4310,86.20,66.70,2
raibert,4.382,0.9880,0.2640,0.1650,0.6890,0.4310,86.00,64.00,2
raibert,4.402,0.9880,0.2620,0.1650,0.6890,0.4310,85.90,60.90,2
raibert,4.422,0.9880,0.2590,0.1640,0.6890,0.4310,85.80,57.20,2
raibert,4.442,0.9870,0.2570,0.1630,0.6890,0.4310,85.60,52.90,2
raibert,4.462,0.9870,0.2540,0.1630,0.6890,0.4310,85.40,47.80,2
raibert,4.482,0.9870,0.2520,0.1620,0.6890,0.4310,85.30,41.80,2
raibert,4.502,0.9870,0.2490,0.1620,0.6890,0.4310,85.10,35.00,2
raibert,4.522,0.9860,0.2460,0.1610,0.6890,0.4310,84.90,27.50,2
raibert,4.542,0.9860,0.2440,0.1610,0.6890,0.4310,84.80,19.50,2
raibert,4.562,0.9860,0.2410,0.1600,0.6890,0.4310,84.60,11.40,2
raibert,4.582,0.9860,0.2380,0.1600,0.6890,0.4310,84.50,3.40,2
raibert,4.602,0.9860,0.2360,0.1590,0.6890,0.4310,84.30,-4.10,2
raibert,4.622,0.9860,0.2330,0.1590,0.6890,0.4310,84.10,-10.90,2
raibert,4.642,0.9850,0.2310,0.1580,0.6890,0.4310,84.00,-16.90,2
raibert,4.662,0.9850,0.2280,0.1580,0.6890,0.4310,83.80,-22.10,2
raibert,4.682,0.9850,0.2260,0.1570,0.6890,0.4310,83.70,-26.60,2
raibert,4.702,0.9850,0.2240,0.1570,0.6890,0.4310,83.60,-30.40,2
raibert,4.722,0.9850,0.2220,0.1560,0.6890,0.4310,83.40,-33.70,2
raibert,4.742,0.9850,0.2200,0.1560,0.6890,0.4310,83.30,-36.50,2
raibert,4.762,0.9850,0.2180,0.1560,0.6890,0.4310,83.20,-38.90,2
raibert,4.782,0.9850,0.2160,0.1550,0.6890,0.4310,83.00,-40.90,2
raibert,4.802,0.9850,0.2140,0.1550,0.6890,0.4310,82.90,-42.70,2
raibert,4.822,0.9850,0.2120,0.1550,0.6890,0.4310,82.80,-44.30,2
raibert,4.842,0.9850,0.2100,0.1540,0.6890,0.4310,82.70,-45.70,2
raibert,4.862,0.9850,0.2090,0.1540,0.6890,0.4310,82.60,-46.90,2
raibert,4.882,0.9850,0.2070,0.1540,0.6890,0.4310,82.50,-48.00,2
raibert,4.902,0.9850,0.2060,0.1530,0.6890,0.4310,82.40,-48.90,2
raibert,4.922,0.9850,0.2040,0.1530,0.6890,0.4310,82.30,-49.80,2
raibert,4.942,0.9850,0.2030,0.1530,0.6890,0.4310,82.30,-50.50,2
raibert,4.962,0.9850,0.2010,0.1530,0.6890,0.4310,82.20,-51.20,2
raibert,4.982,0.9850,0.2000,0.1520,0.6890,0.4310,82.10,-51.80,2
raibert,5.002,0.9850,0.1990,0.1520,0.6890,0.4310,82.00,-52.40,2
raibert,5.022,0.9850,0.1970,0.1520,0.6890,0.4310,81.90,-52.90,2
raibert,5.042,0.9850,0.1960,0.1520,0.6890,0.4310,81.90,-53.40,2
raibert,5.062,0.9850,0.1950,0.1510,0.6890,0.4310,81.80,-53.80,2
raibert,5.082,0.9850,0.1940,0.1510,0.6890,0.4310,81.70,-54.20,2
raibert,5.102,0.9850,0.1920,0.1510,0.6890,0.4310,81.60,-54.60,2
raibert,5.122,0.9850,0.1910,0.1510,0.6890,0.4310,81.60,-54.90,2
raibert,5.142,0.9850,0.1900,0.1500,0.6890,0.4310,81.50,-55.20,2
raibert,5.162,0.9850,0.1900,0.1500,0.6890,0.4310,81.50,-55.40,2
raibert,5.182,0.9850,0.1890,0.1500,0.6890,0.4310,81.50,-55.50,2
raibert,5.202,0.9850,0.1890,0.1500,0.6890,0.4310,81.50,-55.50,2
raibert,5.222,0.9850,0.1890,0.1500,0.6890,0.4310,81.50,-55.50,2
raibert,5.242,0.9860,0.1890,0.1500,0.6890,0.4310,81.50,-55.50,2
raibert,5.262,0.9860,0.1890,0.1500,0.6890,0.4310,81.50,-55.50,2
raibert,5.282,0.9860,0.1890,0.1500,0.6890,0.4310,81.50,-55.50,2
raibert,5.302,0.9860,0.1890,0.1500,0.6890,0.4310,81.50,-55.50,2
raibert,5.322,0.9860,0.1890,0.1500,0.6890,0.4310,81.50,-55.50,2
raibert,5.342,0.9860,0.1880,0.1500,0.6890,0.4310,81.50,-55.50,2
raibert,5.362,0.9860,0.1880,0.1500,0.6890,0.4310,81.50,-55.50,2
raibert,5.382,0.9860,0.1880,0.1500,0.6890,0.4310,81.50,-55.50,2
raibert,5.402,0.9860,0.1880,0.1500,0.6890,0.4310,81.50,-55.50,2
raibert,5.422,0.9860,0.1880,0.1500,0.6890,0.4310,81.50,-55.50,2
raibert,5.442,0.9860,0.1880,0.1500,0.6890,0.4310,81.50,-55.50,2
raibert,5.462,0.9860,0.1880,0.1500,0.6890,0.4310,81.50,-55.50,2
raibert,5.482,0.9860,0.1880,0.1500,0.6890,0.4310,81.50,-55.60,2
raibert,5.502,0.9860,0.1870,0.1500,0.6890,0.4310,81.50,-55.60,2
raibert,5.522,0.9860,0.1870,0.1500,0.6890,0.4310,81.50,-55.60,2
raibert,5.542,0.9870,0.1870,0.1500,0.6890,0.4310,81.50,-55.60,2
raibert,5.562,0.9870,0.1870,0.1500,0.6890,0.4310,81.50,-55.60,2
raibert,5.582,0.9870,0.1870,0.1500,0.6890,0.4310,81.50,-55.60,2
raibert,5.602,0.9870,0.1870,0.1500,0.6890,0.4310,81.50,-55.60,2
raibert,5.622,0.9870,0.1870,0.1500,0.6890,0.4310,81.50,-55.60,2
raibert,5.642,0.9870,0.1870,0.1500,0.6890,0.4310,81.50,-55.60,2
raibert,5.662,0.9870,0.1870,0.1500,0.6890,0.4310,81.50,-55.60,2
raibert,5.682,0.9870,0.1870,0.1500,0.6890,0.4310,81.50,-55.60,2
raibert,5.702,0.9870,0.1860,0.1500,0.6890,0.4310,81.50,-55.60,2
raibert,5.722,0.9870,0.1860,0.1500,0.6890,0.4310,81.50,-55.60,2
raibert,5.742,0.9870,0.1860,0.1500,0.6890,0.4310,81.50,-55.60,2
raibert,5.762,0.9870,0.1860,0.1500,0.6890,0.4310,81.50,-55.60,2
raibert,5.782,0.9870,0.1860,0.1500,0.6890,0.4310,81.50,-55.60,2
raibert,5.802,0.9870,0.1860,0.1500,0.6890,0.4310,81.50,-55.70,2
raibert,5.822,0.9870,0.1860,0.1500,0.6890,0.4310,81.50,-55.70,2
raibert,5.842,0.9870,0.1860,0.1500,0.6890,0.4310,81.50,-55.70,2
raibert,5.862,0.9870,0.1860,0.1500,0.6890,0.4310,81.50,-55.70,2
raibert,5.882,0.9870,0.1860,0.1500,0.6890,0.4310,81.50,-55.70,2
raibert,5.902,0.9870,0.1860,0.1500,0.6890,0.4310,81.50,-55.70,2
raibert,5.922,0.9870,0.1860,0.1500,0.6890,0.4310,81.50,-55.70,2
raibert,5.942,0.9870,0.1860,0.1500,0.6890,0.4310,81.50,-55.70,2
raibert,5.962,0.9870,0.1860,0.1500,0.6890,0.4310,81.50,-55.70,2
raibert,5.982,0.9870,0.1860,0.1500,0.6890,0.4310,81.50,-55.70,2
raibert,6.002,0.9870,0.1860,0.1500,0.6890,0.4310,81.50,-55.70,2
raibert,6.022,0.9870,0.1860,0.1500,0.6890,0.4310,81.50,-55.70,2
raibert,6.042,0.9870,0.1860,0.1500,0.6890,0.4310,81.50,-55.70,2
raibert,6.062,0.9870,0.1860,0.1500,0.6890,0.4310,81.50,-55.70,2
raibert,6.082,0.9870,0.1860,0.1500,0.6890,0.4310,81.50,-55.70,2
raibert,6.102,0.9870,0.1850,0.1500,0.6890,0.4310,81.50,-55.70,2
raibert,6.122,0.9870,0.1850,0.1500,0.6890,0.4310,81.50,-55.70,2
raibert,6.142,0.9870,0.1850,0.1500,0.6890,0.4310,81.50,-55.70,2
raibert,6.162,0.9870,0.1850,0.1500,0.6890,0.4310,81.50,-55.70,2
raibert,6.182,0.9870,0.1850,0.1500,0.6890,0.4310,81.50,-55.70,2
raibert,6.202,0.9870,0.1850,0.1500,0.6890,0.4310,81.50,-55.70,2
raibert,6.222,0.9880,0.1850,0.1500,0.6890,0.4310,81.50,-55.80,2
raibert,6.242,0.9880,0.1850,0.1500,0.6890,0.4310,81.50,-55.80,2
raibert,6.262,0.9880,0.1850,0.1500,0.6890,0.4310,81.50,-55.80,2
raibert,6.282,0.9880,0.1850,0.1500,0.6890,0.4310,81.50,-55.80,2
raibert,6.302,0.9880,0.1850,0.1500,0.6890,0.4310,81.50,-55.80,2
raibert,6.322,0.9880,0.1850,0.1500,0.6890,0.4310,81.50,-55.80,2
raibert,6.342,0.9880,0.1850,0.1500,0.6890,0.4310,81.50,-55.80,2
raibert,6.362,0.9880,0.1850,0.1500,0.6890,0.4310,81.50,-55.80,2
raibert,6.382,0.9880,0.1850,0.1500,0.6890,0.4310,81.50,-55.80,2
raibert,6.402,0.9880,0.1850,0.1500,0.6890,0.4310,81.50,-55.80,2
raibert,6.422,0.9880,0.1850,0.1500,0.6890,0.4310,81.50,-55.80,2
raibert,6.442,0.9880,0.1850,0.1500,0.6890,0.4310,81.50,-55.80,2
raibert,6.462,0.9880,0.1850,0.1500,0.6890,0.4310,81.50,-55.80,2
raibert,6.482,0.9880,0.1850,0.1500,0.6890,0.4310,81.50,-55.80,2
raibert,6.502,0.9880,0.1850,0.1500,0.6890,0.4310,81.50,-55.80,2
raibert,6.522,0.9880,0.1850,0.1500,0.6890,0.4310,81.50,-55.80,2
raibert,6.542,0.9880,0.1850,0.1500,0.6890,0.4310,81.50,-55.80,2
raibert,6.562,0.9880,0.1850,0.1500,0.6890,0.4310,81.50,-55.80,2
raibert,6.582,0.9880,0.1850,0.1500,0.6890,0.4310,81.50,-55.80,2
raibert,6.602,0.9880,0.1850,0.1500,0.6890,0.4310,81.50,-55.80,2
raibert,6.622,0.9880,0.1850,0.1500,0.6890,0.4310,81.50,-55.90,2
raibert,6.642,0.9880,0.1850,0.1500,0.6890,0.4310,81.50,-55.90,2
raibert,6.662,0.9880,0.1850,0.1500,0.6890,0.4310,81.50,-55.90,2
raibert,6.682,0.9880,0.1850,0.1500,0.6890,0.4310,81.50,-55.90,2
raibert,6.702,0.9880,0.1850,0.1500,0.6890,0.4310,81.50,-55.90,2
raibert,6.722,0.9880,0.1850,0.1500,0.6890,0.4310,81.50,-55.90,2
raibert,6.742,0.9880,0.1850,0.1500,0.6890,0.4310,81.50,-55.90,2
raibert,6.762,0.9880,0.1850,0.1500,0.6890,0.4310,81.50,-55.90,2
raibert,6.782,0.9880,0.1850,0.1500,0.6890,0.4310,81.50,-55.90,2
raibert,6.802,0.9880,0.1850,0.1500,0.6890,0.4310,81.50,-55.90,2
raibert,6.822,0.9880,0.1850,0.1500,0.6890,0.4310,81.50,-55.90,2
raibert,6.842,0.9880,0.1850,0.1500,0.6890,0.4310,81.50,-55.90,2
raibert,6.862,0.9880,0.1850,0.1500,0.6890,0.4310,81.50,-55.90,2
raibert,6.882,0.9880,0.1850,0.1500,0.6890,0.4310,81.50,-55.90,2
raibert,6.902,0.9880,0.1850,0.1500,0.6890,0.4310,81.50,-55.90,2
raibert,6.922,0.9880,0.1850,0.1500,0.6890,0.4310,81.50,-55.90,2
raibert,6.942,0.9880,0.1850,0.1500,0.6890,0.4310,81.50,-55.90,2
raibert,6.962,0.9880,0.1850,0.1500,0.6890,0.4310,81.50,-55.90,2
raibert,6.982,0.9880,0.1850,0.1500,0.6890,0.4310,81.50,-55.90,2
raibert,7.002,0.9880,0.1850,0.1500,0.6890,0.4310,81.50,-55.90,2
raibert,7.022,0.9880,0.1850,0.1500,0.6890,0.4310,81.50,-56.00,2
raibert,7.042,0.9880,0.1850,0.1500,0.6890,0.4310,81.50,-56.00,2
raibert,7.062,0.9880,0.1850,0.1500,0.6890,0.4310,81.50,-56.00,2
raibert,7.082,0.9880,0.1850,0.1500,0.6890,0.4310,81.50,-56.00,2
raibert,7.102,0.9880,0.1840,0.1500,0.6890,0.4310,81.50,-56.00,2
raibert,7.122,0.9880,0.1840,0.1500,0.6890,0.4310,81.50,-56.00,2
raibert,7.142,0.9880,0.1840,0.1500,0.6890,0.4310,81.50,-56.00,2
raibert,7.162,0.9880,0.1840,0.1500,0.6890,0.4310,81.50,-56.00,2
raibert,7.182,0.9880,0.1840,0.1500,0.6890,0.4310,81.50,-56.00,2
raibert,7.202,0.9880,0.1840,0.1500,0.6890,0.4310,81.50,-56.00,2
raibert,7.222,0.9880,0.1840,0.1500,0.6890,0.4310,81.50,-56.00,2
raibert,7.242,0.9880,0.1840,0.1500,0.6890,0.4310,81.50,-56.00,2
raibert,7.262,0.9880,0.1840,0.1500,0.6890,0.4310,81.50,-56.00,2
raibert,7.282,0.9880,0.1840,0.1500,0.6890,0.4310,81.50,-56.00,2
raibert,7.302,0.9880,0.1840,0.1500,0.6890,0.4310,81.50,-56.00,2
raibert,7.322,0.9880,0.1840,0.1500,0.6890,0.4310,81.50,-56.00,2
raibert,7.342,0.9880,0.1840,0.1500,0.6890,0.4310,81.50,-56.00,2
raibert,7.362,0.9880,0.1840,0.1500,0.6890,0.4310,81.50,-56.00,2
raibert,7.382,0.9880,0.1840,0.1500,0.6890,0.4310,81.50,-56.00,2
raibert,7.402,0.9880,0.1840,0.1500,0.6890,0.4310,81.50,-56.10,2
raibert,7.422,0.9880,0.1840,0.1500,0.6890,0.4310,81.50,-56.10,2
raibert,7.442,0.9880,0.1840,0.1500,0.6890,0.4310,81.50,-56.10,2
raibert,7.462,0.9880,0.1840,0.1500,0.6890,0.4310,81.50,-56.10,2
raibert,7.482,0.9880,0.1840,0.1500,0.6890,0.4310,81.50,-56.10,2
raibert,7.502,0.9880,0.1840,0.1500,0.6890,0.4310,81.50,-56.10,2
raibert,7.522,0.9880,0.1840,0.1500,0.6890,0.4310,81.50,-56.10,2
raibert,7.542,0.9880,0.1840,0.1500,0.6890,0.4310,81.50,-56.10,2
raibert,7.562,0.9880,0.1840,0.1500,0.6890,0.4310,81.50,-56.10,2
raibert,7.582,0.9880,0.1840,0.1500,0.6890,0.4310,81.50,-56.10,2
raibert,7.602,0.9880,0.1840,0.1500,0.6890,0.4310,81.50,-56.10,2
raibert,7.622,0.9880,0.1840,0.1500,0.6890,0.4310,81.50,-56.10,2
raibert,7.642,0.9880,0.1840,0.1500,0.6890,0.4310,81.50,-56.10,2
raibert,7.662,0.9880,0.1840,0.1500,0.6890,0.4310,81.50,-56.10,2
raibert,7.682,0.9880,0.1840,0.1500,0.6890,0.4310,81.50,-56.10,2
raibert,7.702,0.9880,0.1840,0.1500,0.6890,0.4310,81.50,-56.10,2
raibert,7.722,0.9880,0.1840,0.1500,0.6890,0.4310,81.50,-56.10,2
raibert,7.742,0.9890,0.1840,0.1500,0.6890,0.4310,81.50,-56.10,2
raibert,7.762,0.9890,0.1840,0.1500,0.6890,0.4310,81.50,-56.10,2
raibert,7.782,0.9890,0.1840,0.1500,0.6890,0.4310,81.50,-56.20,2
raibert,7.802,0.9890,0.1840,0.1500,0.6890,0.4310,81.50,-56.20,2
raibert,7.822,0.9890,0.1840,0.1500,0.6890,0.4310,81.50,-56.20,2
raibert,7.842,0.9890,0.1840,0.1500,0.6890,0.4310,81.50,-56.20,2
raibert,7.862,0.9890,0.1840,0.1500,0.6890,0.4310,81.50,-56.20,2
raibert,7.882,0.9890,0.1840,0.1500,0.6890,0.4310,81.50,-56.20,2
raibert,7.902,0.9890,0.1840,0.1500,0.6890,0.4310,81.50,-56.20,2
raibert,7.922,0.9890,0.1830,0.1500,0.6890,0.4310,81.50,-56.20,2
raibert,7.942,0.9890,0.1830,0.1500,0.6890,0.4310,81.50,-56.20,2
raibert,7.962,0.9890,0.1830,0.1500,0.6890,0.4310,81.50,-56.20,2
raibert,7.982,0.9890,0.1830,0.1500,0.6890,0.4310,81.50,-56.20,2
raibert,8.002,0.9890,0.1830,0.1500,0.6890,0.4310,81.50,-56.20,2
raibert,8.022,0.9890,0.1830,0.1500,0.6890,0.4310,81.50,-56.20,2
raibert,8.042,0.9890,0.1830,0.1500,0.6890,0.4310,81.50,-56.20,2
raibert,8.062,0.9890,0.1830,0.1500,0.6890,0.4310,81.50,-56.20,2
raibert,8.082,0.9890,0.1830,0.1500,0.6890,0.4310,81.50,-56.20,2
raibert,8.102,0.9890,0.1830,0.1500,0.6890,0.4310,81.50,-56.20,2
raibert,8.122,0.9890,0.1830,0.1500,0.6890,0.4310,81.50,-56.30,2
raibert,8.142,0.9890,0.1830,0.1500,0.6890,0.4310,81.50,-56.30,2
raibert,8.162,0.9890,0.1830,0.1500,0.6890,0.4310,81.50,-56.30,2
raibert,8.182,0.9890,0.1830,0.1500,0.6890,0.4310,81.50,-56.30,2
raibert,8.202,0.9890,0.1830,0.1500,0.6890,0.4310,81.50,-56.30,2
raibert,8.222,0.9890,0.1830,0.1500,0.6890,0.4310,81.50,-56.30,2
raibert,8.242,0.9890,0.1830,0.1500,0.6890,0.4310,81.50,-56.30,2
raibert,8.262,0.9890,0.1830,0.1500,0.6890,0.4310,81.50,-56.30,2
raibert,8.282,0.9890,0.1830,0.1500,0.6890,0.4310,81.50,-56.30,2
raibert,8.302,0.9890,0.1830,0.1500,0.6890,0.4310,81.50,-56.30,2
raibert,8.322,0.9890,0.1830,0.1500,0.6890,0.4310,81.50,-56.30,2
raibert,8.342,0.9890,0.1830,0.1500,0.6890,0.4310,81.50,-56.30,2
raibert,8.362,0.9890,0.1830,0.1500,0.6890,0.4310,81.50,-56.30,2
raibert,8.382,0.9890,0.1830,0.1500,0.6890,0.4310,81.50,-56.30,2
raibert,8.402,0.9890,0.1830,0.1500,0.6890,0.4310,81.50,-56.30,2
raibert,8.422,0.9890,0.1830,0.1500,0.6890,0.4310,81.50,-56.30,2
raibert,8.442,0.9890,0.1830,0.1500,0.6890,0.4310,81.50,-56.30,2
raibert,8.462,0.9890,0.1830,0.1500,0.6890,0.4310,81.40,-56.40,2
raibert,8.482,0.9890,0.1830,0.1500,0.6890,0.4310,81.40,-56.40,2
raibert,8.502,0.9890,0.1830,0.1500,0.6890,0.4310,81.40,-56.40,2
raibert,8.522,0.9890,0.1830,0.1500,0.6890,0.4310,81.40,-56.40,2
raibert,8.542,0.9890,0.1830,0.1500,0.6890,0.4310,81.40,-56.40,2
raibert,8.562,0.9890,0.1830,0.1500,0.6890,0.4310,81.40,-56.40,2
raibert,8.582,0.9890,0.1830,0.1500,0.6890,0.4310,81.40,-56.40,2
raibert,8.602,0.9890,0.1830,0.1500,0.6890,0.4310,81.40,-56.40,2
raibert,8.622,0.9890,0.1830,0.1500,0.6890,0.4310,81.40,-56.40,2
raibert,8.642,0.9890,0.1820,0.1500,0.6890,0.4310,81.40,-56.40,2
raibert,8.662,0.9890,0.1820,0.1500,0.6890,0.4310,81.40,-56.40,2
raibert,8.682,0.9890,0.1820,0.1500,0.6890,0.4310,81.40,-56.40,2
raibert,8.702,0.9890,0.1820,0.1500,0.6890,0.4310,81.40,-56.40,2
raibert,8.722,0.9890,0.1820,0.1500,0.6890,0.4310,81.40,-56.40,2
raibert,8.742,0.9890,0.1820,0.1500,0.6890,0.4310,81.40,-56.40,2
raibert,8.762,0.9890,0.1820,0.1500,0.6890,0.4310,81.40,-56.40,2
raibert,8.782,0.9890,0.1820,0.1500,0.6890,0.4310,81.40,-56.40,2
raibert,8.802,0.9890,0.1820,0.1500,0.6890,0.4310,81.40,-56.50,2
raibert,8.822,0.9890,0.1820,0.1500,0.6890,0.4310,81.40,-56.50,2
raibert,8.842,0.9890,0.1820,0.1500,0.6890,0.4310,81.40,-56.50,2
raibert,8.862,0.9890,0.1820,0.1500,0.6890,0.4310,81.40,-56.50,2
raibert,8.882,0.9890,0.1820,0.1500,0.6890,0.4310,81.40,-56.50,2
raibert,8.902,0.9890,0.1820,0.1500,0.6890,0.4310,81.40,-56.50,2
raibert,8.922,0.9890,0.1820,0.1500,0.6890,0.4310,81.40,-56.50,2
raibert,8.942,0.9890,0.1820,0.1500,0.6890,0.4310,81.40,-56.50,2
raibert,8.962,0.9890,0.1820,0.1500,0.6890,0.4310,81.40,-56.50,2
raibert,8.982,0.9890,0.1820,0.1500,0.6890,0.4310,81.40,-56.50,2
rl,0.002,0.0370,0.0000,0.6710,0.0000,0.0000,0.00,0.00,0
rl,0.022,0.0370,0.0000,0.6690,-0.0030,0.0000,0.00,0.00,0
rl,0.042,0.0370,0.0000,0.6650,0.0400,0.0000,-0.20,0.00,0
rl,0.062,0.0380,0.0000,0.6650,0.1120,-0.0000,-1.00,0.00,0
rl,0.082,0.0380,0.0000,0.6650,0.1060,-0.0000,-1.80,-0.00,0
rl,0.102,0.0380,0.0000,0.6660,0.0540,-0.0000,-2.30,-0.00,0
rl,0.122,0.0370,0.0000,0.6660,0.0010,0.0000,-2.50,-0.00,0
rl,0.142,0.0370,0.0000,0.6660,-0.0320,0.0000,-2.50,-0.00,0
rl,0.162,0.0360,0.0000,0.6650,-0.0430,0.0000,-2.40,-0.00,0
rl,0.182,0.0360,0.0000,0.6650,-0.0390,0.0000,-2.30,-0.00,0
rl,0.202,0.0360,0.0000,0.6650,-0.0270,0.0000,-2.10,-0.00,0
rl,0.222,0.0360,0.0000,0.6650,-0.0140,0.0000,-2.00,-0.00,0
rl,0.242,0.0360,0.0000,0.6650,-0.0030,0.0000,-1.90,-0.00,0
rl,0.262,0.0360,0.0000,0.6650,0.0050,0.0000,-1.80,-0.00,0
rl,0.282,0.0360,0.0000,0.6650,0.0110,0.0000,-1.70,-0.00,0
rl,0.302,0.0370,0.0000,0.6650,0.0140,-0.0000,-1.70,-0.00,0
rl,0.322,0.0370,0.0000,0.6650,0.0160,-0.0000,-1.60,-0.00,0
rl,0.342,0.0380,0.0000,0.6650,0.0170,0.0000,-1.50,-0.00,0
rl,0.362,0.0380,0.0000,0.6650,0.0180,0.0000,-1.40,-0.00,0
rl,0.382,0.0390,0.0000,0.6650,0.0190,0.0000,-1.30,-0.00,0
rl,0.402,0.0390,0.0000,0.6650,0.0200,0.0000,-1.20,-0.00,0
rl,0.422,0.0400,0.0000,0.6650,0.0200,-0.0000,-1.10,-0.00,0
rl,0.442,0.0400,0.0000,0.6650,0.0200,-0.0000,-1.00,-0.00,0
rl,0.462,0.0410,0.0000,0.6660,0.0200,-0.0000,-0.90,-0.00,0
rl,0.482,0.0410,0.0000,0.6660,0.0190,-0.0000,-0.90,-0.00,0
rl,0.502,0.0410,0.0000,0.6660,0.0190,-0.0000,-0.80,-0.00,0
rl,0.522,0.0420,-0.0000,0.6660,0.0170,-0.0000,-0.80,-0.00,0
rl,0.542,0.0420,-0.0000,0.6660,0.0160,-0.0000,-0.70,-0.00,0
rl,0.562,0.0420,-0.0000,0.6660,0.0140,-0.0000,-0.70,0.00,0
rl,0.582,0.0420,-0.0000,0.6660,0.0120,-0.0000,-0.70,0.00,0
rl,0.602,0.0430,-0.0000,0.6660,0.0110,-0.0000,-0.70,0.00,0
rl,0.622,0.0430,-0.0000,0.6660,0.0090,-0.0000,-0.70,-0.00,0
rl,0.642,0.0430,-0.0000,0.6660,0.0070,0.0000,-0.70,-0.00,0
rl,0.662,0.0430,-0.0000,0.6660,0.0050,0.0000,-0.70,-0.00,0
rl,0.682,0.0430,-0.0000,0.6660,0.0030,0.0000,-0.70,-0.00,0
rl,0.702,0.0430,0.0000,0.6660,0.0010,0.0000,-0.70,-0.00,0
rl,0.722,0.0430,0.0000,0.6660,-0.0000,0.0000,-0.80,0.00,0
rl,0.742,0.0430,-0.0000,0.6660,-0.0020,0.0000,-0.80,0.00,0
rl,0.762,0.0430,-0.0000,0.6660,-0.0030,-0.0000,-0.80,0.00,0
rl,0.782,0.0430,-0.0000,0.6660,-0.0040,-0.0000,-0.90,0.00,0
rl,0.802,0.0420,-0.0000,0.6660,-0.0050,-0.0000,-0.90,0.00,0
rl,0.822,0.0420,-0.0000,0.6660,-0.0060,-0.0000,-0.90,0.00,0
rl,0.842,0.0420,-0.0000,0.6660,-0.0060,-0.0000,-1.00,0.00,0
rl,0.862,0.0420,-0.0000,0.6660,-0.0070,-0.0000,-1.00,0.00,0
rl,0.882,0.0420,-0.0000,0.6660,-0.0070,-0.0000,-1.00,0.00,0
rl,0.902,0.0420,-0.0000,0.6660,-0.0070,-0.0000,-1.10,0.00,0
rl,0.922,0.0410,-0.0000,0.6660,-0.0070,-0.0000,-1.10,0.00,0
rl,0.942,0.0410,-0.0000,0.6650,-0.0070,-0.0000,-1.10,0.00,0
rl,0.962,0.0410,-0.0000,0.6650,-0.0070,-0.0000,-1.10,0.00,0
rl,0.982,0.0410,-0.0000,0.6650,-0.0060,0.0000,-1.20,0.00,0
rl,1.002,0.0410,-0.0000,0.6650,-0.0060,0.0000,-1.20,0.00,1
rl,1.022,0.0410,0.0000,0.6740,0.3190,0.0420,-2.20,0.10,1
rl,1.042,0.0420,0.0010,0.6860,0.2370,0.1260,-2.50,0.60,1
rl,1.062,0.0440,0.0020,0.6970,0.1770,0.0790,-2.50,0.50,1
rl,1.082,0.0450,0.0030,0.7050,0.1790,0.0970,-2.40,0.90,1
rl,1.102,0.0460,0.0040,0.7090,0.1000,0.1360,-1.50,1.80,1
rl,1.122,0.0470,0.0050,0.7090,0.0180,0.0550,-0.10,1.90,1
rl,1.142,0.0480,0.0060,0.7050,-0.0110,0.0240,1.00,1.60,1
rl,1.162,0.0500,0.0070,0.7000,0.1810,0.1180,1.00,2.00,1
rl,1.182,0.0530,0.0090,0.6930,0.2200,0.0720,1.10,2.30,1
rl,1.202,0.0560,0.0100,0.6860,0.1520,0.0320,1.30,2.40,1
rl,1.222,0.0610,0.0110,0.6800,0.3280,0.0520,0.60,2.30,1
rl,1.242,0.0660,0.0120,0.6750,0.3250,0.0490,0.80,2.00,1
rl,1.262,0.0710,0.0130,0.6740,0.3460,0.1170,1.50,2.50,1
rl,1.282,0.0780,0.0140,0.6780,0.2770,0.0670,2.00,3.00,1
rl,1.302,0.0870,0.0160,0.6800,0.3910,0.0540,1.90,3.30,1
rl,1.322,0.0960,0.0180,0.6790,0.4000,0.0650,2.30,3.90,1
rl,1.342,0.1040,0.0190,0.6770,0.3650,0.0310,3.20,4.40,1
rl,1.362,0.1140,0.0180,0.6790,0.3970,-0.0430,3.10,4.30,1
rl,1.382,0.1240,0.0180,0.6790,0.4540,-0.0590,2.90,4.00,1
rl,1.402,0.1340,0.0170,0.6760,0.4450,-0.0150,4.10,4.00,1
rl,1.422,0.1450,0.0150,0.6790,0.4470,-0.1130,4.50,3.40,1
rl,1.442,0.1560,0.0120,0.6840,0.5090,-0.1300,4.20,2.70,1
rl,1.462,0.1680,0.0090,0.6860,0.5430,-0.1480,4.50,1.90,1
rl,1.482,0.1800,0.0060,0.6870,0.5410,-0.1330,4.90,1.00,1
rl,1.502,0.1930,0.0030,0.6840,0.5480,-0.1220,5.30,0.40,1
rl,1.522,0.2050,0.0000,0.6810,0.6110,-0.1360,5.40,0.00,1
rl,1.542,0.2170,-0.0020,0.6810,0.6380,-0.1290,4.90,-0.50,1
rl,1.562,0.2300,-0.0040,0.6790,0.6230,-0.1160,5.00,-0.80,1
rl,1.582,0.2430,-0.0060,0.6750,0.6710,-0.1200,5.30,-0.90,1
rl,1.602,0.2570,-0.0090,0.6780,0.6700,-0.1630,4.60,-1.60,1
rl,1.622,0.2700,-0.0110,0.6830,0.6870,-0.1280,3.80,-2.00,1
rl,1.642,0.2840,-0.0140,0.6840,0.6700,-0.1200,3.70,-2.40,1
rl,1.662,0.2980,-0.0160,0.6840,0.6560,-0.1080,3.60,-2.90,1
rl,1.682,0.3120,-0.0190,0.6810,0.6600,-0.1350,3.70,-3.20,1
rl,1.702,0.3240,-0.0200,0.6790,0.6860,-0.0950,4.10,-2.70,1
rl,1.722,0.3370,-0.0220,0.6820,0.7250,-0.0520,3.80,-1.90,1
rl,1.742,0.3530,-0.0240,0.6870,0.7420,-0.1220,3.20,-1.30,1
rl,1.762,0.3680,-0.0260,0.6870,0.7390,-0.1520,3.10,-0.60,1
rl,1.782,0.3840,-0.0280,0.6840,0.6670,-0.1290,3.50,0.70,1
rl,1.802,0.3980,-0.0310,0.6790,0.6680,-0.1340,4.10,1.50,1
rl,1.822,0.4130,-0.0350,0.6830,0.6050,-0.1510,4.40,1.70,1
rl,1.842,0.4290,-0.0400,0.6890,0.6820,-0.1880,3.90,1.80,1
rl,1.862,0.4460,-0.0450,0.6930,0.6730,-0.2280,3.80,2.10,1
rl,1.882,0.4610,-0.0500,0.6940,0.7020,-0.2310,4.10,2.10,1
rl,1.902,0.4750,-0.0540,0.6960,0.6840,-0.2210,4.20,1.80,1
rl,1.922,0.4900,-0.0590,0.6960,0.7320,-0.1920,3.90,1.80,1
rl,1.942,0.5060,-0.0640,0.6940,0.7070,-0.1910,3.90,2.20,1
rl,1.962,0.5200,-0.0680,0.6900,0.7950,-0.2560,4.00,2.00,1
rl,1.982,0.5340,-0.0720,0.6890,0.7750,-0.2370,4.20,1.60,1
rl,2.002,0.5500,-0.0760,0.6900,0.7800,-0.1820,3.90,1.50,1
rl,2.022,0.5670,-0.0800,0.6890,0.7540,-0.1440,4.20,1.70,1
rl,2.042,0.5830,-0.0840,0.6860,0.8170,-0.1820,4.50,1.60,1
rl,2.062,0.5990,-0.0870,0.6850,0.8150,-0.1830,4.60,1.20,1
rl,2.082,0.6170,-0.0900,0.6850,0.8550,-0.1190,3.90,1.20,1
rl,2.102,0.6340,-0.0930,0.6830,0.8160,-0.1240,3.80,1.40,1
rl,2.122,0.6490,-0.0950,0.6830,0.8280,-0.1210,3.80,1.60,1
rl,2.142,0.6640,-0.0980,0.6820,0.8580,-0.1530,3.60,1.30,1
rl,2.162,0.6800,-0.1000,0.6860,0.9010,-0.0710,2.60,1.50,1
rl,2.182,0.6970,-0.1020,0.6880,0.8330,-0.0900,2.30,1.90,1
rl,2.202,0.7150,-0.1040,0.6860,0.7690,-0.1280,2.60,1.70,1
rl,2.222,0.7330,-0.1060,0.6840,0.8830,-0.0760,2.30,1.70,1
rl,2.242,0.7480,-0.1080,0.6820,0.7950,-0.0920,2.60,1.50,1
rl,2.262,0.7630,-0.1090,0.6840,0.7550,-0.0760,2.90,1.60,1
rl,2.282,0.7790,-0.1100,0.6880,0.8470,-0.0930,2.50,1.50,1
rl,2.302,0.7950,-0.1110,0.6880,0.7600,0.0020,3.30,1.80,1
rl,2.322,0.8110,-0.1120,0.6850,0.7670,0.0410,4.20,2.60,1
rl,2.342,0.8270,-0.1140,0.6840,0.7710,-0.0760,4.30,2.60,1
rl,2.362,0.8430,-0.1160,0.6860,0.8190,-0.1040,3.60,2.10,1
rl,2.382,0.8590,-0.1180,0.6840,0.7790,-0.1160,3.90,1.70,1
rl,2.402,0.8750,-0.1210,0.6870,0.8070,-0.1230,4.40,1.90,1
rl,2.422,0.8930,-0.1240,0.6910,0.8720,-0.2060,3.90,1.50,1
rl,2.442,0.9110,-0.1270,0.6920,0.8680,-0.1850,3.70,1.50,1
rl,2.462,0.9290,-0.1310,0.6910,0.8060,-0.1430,4.50,1.90,1
rl,2.482,0.9470,-0.1350,0.6920,0.9030,-0.2340,4.20,1.80,1
rl,2.502,0.9630,-0.1390,0.6900,0.8270,-0.2650,4.40,1.60,1
rl,2.522,0.9790,-0.1420,0.6870,0.8310,-0.2290,4.60,1.40,1
rl,2.542,0.9930,-0.1460,0.6860,0.8500,-0.2020,5.00,1.40,1
rl,2.562,1.0090,-0.1500,0.6880,0.8460,-0.2440,4.80,0.80,1
rl,2.582,1.0240,-0.1540,0.6910,0.8330,-0.1990,4.70,0.60,1
rl,2.602,1.0400,-0.1580,0.6890,0.8360,-0.1900,4.80,0.30,1
rl,2.622,1.0550,-0.1620,0.6840,0.8410,-0.1800,5.00,-0.10,1
rl,2.642,1.0700,-0.1660,0.6800,0.8080,-0.2020,5.30,-0.30,1
rl,2.662,1.0860,-0.1690,0.6820,0.8620,-0.1620,5.00,-0.40,1
rl,2.682,1.1030,-0.1730,0.6860,0.8830,-0.1700,4.30,-0.70,1
rl,2.702,1.1200,-0.1770,0.6870,0.7890,-0.1880,4.70,-0.90,1
rl,2.722,1.1370,-0.1820,0.6850,0.8130,-0.2060,5.00,-1.10,1
rl,2.742,1.1530,-0.1850,0.6820,0.8190,-0.2030,4.90,-1.30,1
rl,2.762,1.1670,-0.1880,0.6790,0.7150,-0.1780,5.60,-1.00,1
rl,2.782,1.1810,-0.1910,0.6790,0.7620,-0.1720,5.70,-0.80,1
rl,2.802,1.1960,-0.1940,0.6800,0.7200,-0.1900,6.20,-0.40,1
rl,2.822,1.2100,-0.1980,0.6800,0.6540,-0.1640,7.20,0.20,1
rl,2.842,1.2240,-0.2010,0.6840,0.6890,-0.0990,7.30,1.20,1
rl,2.862,1.2400,-0.2040,0.6890,0.7230,-0.1550,6.60,1.80,1
rl,2.882,1.2540,-0.2060,0.6940,0.7360,-0.1830,6.40,2.40,1
rl,2.902,1.2700,-0.2090,0.7010,0.7320,-0.1400,5.80,3.50,1
rl,2.922,1.2860,-0.2120,0.7040,0.7390,-0.2120,5.40,3.80,1
rl,2.942,1.3010,-0.2160,0.7050,0.7570,-0.1650,5.00,3.80,1
rl,2.962,1.3150,-0.2190,0.7040,0.6880,-0.1620,5.30,4.10,1
rl,2.982,1.3300,-0.2230,0.7010,0.6670,-0.1790,5.60,4.50,1
rl,3.002,1.3460,-0.2270,0.6970,0.7580,-0.1780,5.40,4.40,1
rl,3.022,1.3610,-0.2310,0.6940,0.8320,-0.2240,5.20,3.80,1
rl,3.042,1.3760,-0.2350,0.6930,0.7390,-0.2060,5.50,3.30,1
rl,3.062,1.3920,-0.2390,0.6920,0.8220,-0.1660,5.20,2.90,1
rl,3.082,1.4090,-0.2430,0.6880,0.8980,-0.2130,4.60,2.20,1
rl,3.102,1.4260,-0.2460,0.6840,0.8660,-0.0920,4.30,2.20,1
rl,3.122,1.4400,-0.2490,0.6800,0.7670,-0.1200,4.80,2.20,1
rl,3.142,1.4570,-0.2520,0.6810,0.8040,-0.1330,4.20,1.90,1
rl,3.162,1.4740,-0.2540,0.6840,0.8540,-0.1230,3.10,1.70,1
rl,3.182,1.4920,-0.2570,0.6840,0.7270,-0.1080,3.30,1.50,1
rl,3.202,1.5070,-0.2590,0.6820,0.8310,-0.1220,3.30,1.20,1
rl,3.222,1.5240,-0.2610,0.6810,0.8460,-0.1210,2.50,1.00,1
rl,3.242,1.5400,-0.2630,0.6820,0.7870,-0.0810,1.90,1.00,1
rl,3.262,1.5560,-0.2650,0.6840,0.7180,-0.0600,2.40,1.50,1
rl,3.282,1.5710,-0.2670,0.6910,0.7560,-0.0720,2.30,2.00,1
rl,3.302,1.5860,-0.2690,0.6930,0.7390,-0.0970,2.10,2.50,1
rl,3.322,1.6010,-0.2710,0.6920,0.6860,-0.1090,2.50,3.20,1
rl,3.342,1.6160,-0.2730,0.6870,0.7220,-0.1310,2.60,3.60,1
rl,3.362,1.6300,-0.2750,0.6830,0.8060,-0.1780,2.60,3.50,1
rl,3.382,1.6420,-0.2780,0.6850,0.6260,-0.1790,3.50,2.90,1
rl,3.402,1.6550,-0.2800,0.6890,0.7160,-0.1100,3.20,2.30,1
rl,3.422,1.6690,-0.2820,0.6910,0.7040,-0.1010,3.40,2.00,1
rl,3.442,1.6840,-0.2850,0.6920,0.7050,-0.0890,4.00,1.50,1
rl,3.462,1.6990,-0.2880,0.6930,0.7700,-0.0770,4.30,1.40,1
rl,3.482,1.7140,-0.2910,0.6930,0.7770,-0.1570,4.40,1.30,1
rl,3.502,1.7290,-0.2940,0.6910,0.7910,-0.1740,4.30,0.80,1
rl,3.522,1.7440,-0.2980,0.6860,0.7470,-0.1610,5.00,0.60,1
rl,3.542,1.7600,-0.3010,0.6820,0.7980,-0.1750,5.50,0.60,1
rl,3.562,1.7770,-0.3050,0.6830,0.8730,-0.2120,4.20,-0.20,1
rl,3.582,1.7940,-0.3090,0.6840,0.8960,-0.2290,3.00,-1.10,1
rl,3.602,1.8120,-0.3130,0.6850,0.8640,-0.1690,3.00,-1.10,1
rl,3.622,1.8290,-0.3180,0.6870,0.8880,-0.2520,2.60,-1.50,1
rl,3.642,1.8460,-0.3230,0.6860,0.8160,-0.3060,2.60,-1.90,1
rl,3.662,1.8640,-0.3270,0.6820,0.7820,-0.2760,3.00,-2.10,1
rl,3.682,1.8800,-0.3310,0.6770,0.8860,-0.2350,2.80,-2.10,1
rl,3.702,1.8960,-0.3360,0.6740,0.7830,-0.2280,3.20,-2.00,1
rl,3.722,1.9110,-0.3400,0.6750,0.7740,-0.1950,3.20,-1.80,1
rl,3.742,1.9260,-0.3430,0.6770,0.8250,-0.1810,2.50,-1.80,1
rl,3.762,1.9410,-0.3470,0.6770,0.7330,-0.2070,3.00,-1.70,1
rl,3.782,1.9550,-0.3500,0.6770,0.7650,-0.1820,3.20,-1.60,1
rl,3.802,1.9700,-0.3530,0.6780,0.7620,-0.1720,2.90,-1.70,1
rl,3.822,1.9850,-0.3560,0.6790,0.7500,-0.2110,2.80,-1.80,1
rl,3.842,2.0000,-0.3590,0.6790,0.7400,-0.1770,3.20,-1.50,1
rl,3.862,2.0150,-0.3610,0.6860,0.6760,-0.1300,4.20,-1.50,1
rl,3.882,2.0300,-0.3630,0.6990,0.6400,-0.0910,4.40,-1.20,1
rl,3.902,2.0460,-0.3640,0.7090,0.7170,-0.0560,4.20,-0.60,1
rl,3.922,2.0630,-0.3660,0.7150,0.6870,-0.0650,4.60,0.30,1
rl,3.942,2.0790,-0.3680,0.7170,0.7300,-0.0900,4.80,0.70,1
rl,3.962,2.0950,-0.3700,0.7170,0.7970,-0.1160,4.40,0.80,1
rl,3.982,2.1090,-0.3720,0.7140,0.8030,-0.1090,4.00,1.00,1
rl,4.002,2.1240,-0.3750,0.7070,0.7700,-0.0930,4.00,1.60,1
rl,4.022,2.1380,-0.3770,0.6980,0.8000,-0.1440,4.20,1.60,1
rl,4.042,2.1520,-0.3800,0.6910,0.8580,-0.1760,4.40,0.90,1
rl,4.062,2.1680,-0.3820,0.6920,0.8620,-0.1240,4.10,0.30,1
rl,4.082,2.1850,-0.3830,0.6940,0.8440,-0.0320,3.80,0.20,1
rl,4.102,2.2020,-0.3850,0.6920,0.8080,-0.0670,4.50,-0.10,1
rl,4.122,2.2180,-0.3860,0.6880,0.6940,-0.0070,5.50,-0.30,1
rl,4.142,2.2350,-0.3860,0.6880,0.7770,0.0230,5.20,0.10,1
rl,4.162,2.2520,-0.3860,0.6870,0.7840,0.0090,4.80,0.50,1
rl,4.182,2.2660,-0.3860,0.6860,0.7360,-0.0100,5.00,1.00,1
rl,4.202,2.2800,-0.3860,0.6860,0.7180,-0.0270,5.10,1.40,1
rl,4.222,2.2920,-0.3860,0.6850,0.8030,-0.0120,5.00,1.80,1
rl,4.242,2.3040,-0.3860,0.6880,0.7660,-0.0300,5.10,1.90,1
rl,4.262,2.3190,-0.3870,0.6920,0.6980,0.0110,5.20,2.40,1
rl,4.282,2.3330,-0.3870,0.6930,0.7360,-0.0700,5.30,2.10,1
rl,4.302,2.3500,-0.3870,0.6920,0.7290,-0.0200,5.20,1.60,1
rl,4.322,2.3680,-0.3880,0.6900,0.7370,0.1160,5.50,1.90,1
rl,4.342,2.3840,-0.3880,0.6890,0.8400,0.0650,5.60,2.50,1
rl,4.362,2.4000,-0.3890,0.6930,0.7800,-0.0790,5.00,2.30,1
rl,4.382,2.4170,-0.3910,0.6960,0.7320,-0.1070,4.50,1.80,1
rl,4.402,2.4350,-0.3930,0.7000,0.7250,-0.0690,4.80,1.70,1
rl,4.422,2.4520,-0.3960,0.7060,0.8310,-0.1420,4.10,1.20,1
rl,4.442,2.4690,-0.3980,0.7080,0.8340,-0.1740,3.50,0.90,1
rl,4.462,2.4860,-0.4010,0.7060,0.7630,-0.1690,3.80,0.60,1
rl,4.482,2.5030,-0.4030,0.7000,0.8180,-0.1440,3.60,0.30,1
rl,4.502,2.5210,-0.4050,0.6960,0.9370,-0.1050,3.10,0.60,1
rl,4.522,2.5370,-0.4080,0.6930,0.9250,-0.1620,2.90,0.90,1
rl,4.542,2.5530,-0.4100,0.6870,0.8980,-0.1870,2.70,0.80,1
rl,4.562,2.5670,-0.4130,0.6820,0.7690,-0.1620,3.50,0.80,1
rl,4.582,2.5800,-0.4150,0.6840,0.7850,-0.1550,3.20,0.20,1
rl,4.602,2.5950,-0.4180,0.6870,0.8170,-0.1240,2.30,-0.20,1
rl,4.622,2.6090,-0.4210,0.6870,0.7760,-0.1100,2.20,-0.70,1
rl,4.642,2.6240,-0.4230,0.6870,0.7630,-0.1080,2.10,-1.30,1
rl,4.662,2.6380,-0.4260,0.6820,0.7590,-0.1510,2.20,-1.80,1
rl,4.682,2.6520,-0.4280,0.6760,0.7930,-0.0910,2.20,-1.70,1
rl,4.702,2.6670,-0.4290,0.6740,0.8170,-0.0570,1.80,-1.50,1
rl,4.722,2.6820,-0.4300,0.6720,0.7930,-0.1510,1.60,-1.70,1
rl,4.742,2.6970,-0.4320,0.6720,0.7430,-0.0580,2.10,-1.30,1
rl,4.762,2.7120,-0.4340,0.6790,0.7490,-0.0310,1.80,-0.90,1
rl,4.782,2.7280,-0.4360,0.6850,0.6920,-0.0850,1.80,-0.70,1
rl,4.802,2.7440,-0.4380,0.6880,0.6530,-0.1100,2.50,-0.30,1
rl,4.822,2.7590,-0.4410,0.6880,0.7230,-0.1410,2.70,-0.40,1
rl,4.842,2.7740,-0.4430,0.6890,0.7880,-0.1800,2.40,-1.20,1
rl,4.862,2.7890,-0.4460,0.6890,0.6970,-0.1370,2.90,-1.50,1
rl,4.882,2.8030,-0.4480,0.6870,0.6790,-0.0740,3.90,-1.20,1
rl,4.902,2.8160,-0.4490,0.6880,0.6450,-0.0150,4.60,-0.50,1
rl,4.922,2.8310,-0.4510,0.6920,0.7250,-0.0460,4.20,-0.10,1
rl,4.942,2.8450,-0.4520,0.6950,0.7580,-0.0510,3.80,0.60,1
rl,4.962,2.8600,-0.4530,0.6950,0.7400,-0.0190,3.60,1.80,1
rl,4.982,2.8750,-0.4540,0.6920,0.7380,-0.0760,3.70,2.20,1
rl,5.002,2.8880,-0.4560,0.6900,0.7610,-0.1320,4.20,1.90,1
rl,5.022,2.9020,-0.4580,0.6930,0.7530,-0.1150,4.50,1.30,1
rl,5.042,2.9180,-0.4590,0.6990,0.7660,-0.0210,4.50,1.20,1
rl,5.062,2.9330,-0.4610,0.7000,0.8560,-0.0930,4.60,0.70,1
rl,5.082,2.9500,-0.4630,0.6990,0.7450,-0.0100,5.50,0.30,1
rl,5.102,2.9670,-0.4640,0.6960,0.7940,0.0680,5.30,0.40,1
rl,5.122,2.9850,-0.4650,0.6900,0.8680,-0.0380,4.50,0.30,1
rl,5.142,3.0010,-0.4650,0.6850,0.8390,-0.0790,3.90,0.40,1
rl,5.162,3.0150,-0.4650,0.6820,0.8080,-0.0540,3.60,0.60,1
rl,5.182,3.0310,-0.4650,0.6790,0.8790,0.0050,3.10,0.80,1
rl,5.202,3.0460,-0.4650,0.6780,0.8040,-0.0120,3.30,1.00,1
rl,5.222,3.0620,-0.4650,0.6820,0.7110,-0.0150,3.60,1.10,1
rl,5.242,3.0780,-0.4650,0.6850,0.7690,-0.0350,3.30,0.90,1
rl,5.262,3.0960,-0.4650,0.6860,0.7840,0.0370,3.30,0.80,1
rl,5.282,3.1130,-0.4650,0.6840,0.7910,0.0330,3.50,1.00,1
rl,5.302,3.1280,-0.4650,0.6820,0.7750,-0.0280,3.50,0.90,1
rl,5.322,3.1440,-0.4650,0.6830,0.7510,-0.0150,3.10,0.70,1
rl,5.342,3.1610,-0.4650,0.6810,0.7680,0.0080,3.10,0.60,1
rl,5.362,3.1760,-0.4660,0.6830,0.8020,0.0080,3.80,0.80,1
rl,5.382,3.1930,-0.4670,0.6900,0.7930,-0.0620,3.50,0.70,1
rl,5.402,3.2130,-0.4680,0.6970,0.8930,-0.0370,2.60,0.70,1
rl,5.422,3.2320,-0.4700,0.7010,0.7930,-0.0340,3.20,1.00,1
rl,5.442,3.2500,-0.4720,0.7030,0.8690,-0.1080,2.90,0.80,1
rl,5.462,3.2690,-0.4740,0.7020,0.8770,-0.1320,2.40,0.40,1
rl,5.482,3.2870,-0.4760,0.6980,0.8580,-0.0840,2.70,0.60,1
rl,5.502,3.3050,-0.4790,0.6960,0.9090,-0.1320,2.60,0.70,1
rl,5.522,3.3220,-0.4810,0.6900,0.9260,-0.1640,2.40,0.70,1
rl,5.542,3.3370,-0.4830,0.6850,0.8660,-0.1230,3.00,0.90,1
rl,5.562,3.3520,-0.4860,0.6890,0.8430,-0.1750,2.80,0.30,1
rl,5.582,3.3670,-0.4890,0.6920,0.8530,-0.1620,2.30,-0.10,1
rl,5.602,3.3820,-0.4920,0.6920,0.8150,-0.1470,2.40,-0.70,1
rl,5.622,3.3980,-0.4950,0.6900,0.8280,-0.1300,2.50,-1.40,1
rl,5.642,3.4130,-0.4980,0.6860,0.8390,-0.1370,2.70,-1.60,1
rl,5.662,3.4280,-0.5000,0.6820,0.8400,-0.1260,2.70,-1.70,1
rl,5.682,3.4430,-0.5020,0.6800,0.8590,-0.1030,2.10,-1.90,1
rl,5.702,3.4580,-0.5040,0.6740,0.8250,-0.1320,2.40,-2.20,1
rl,5.722,3.4730,-0.5070,0.6690,0.8550,-0.1250,3.20,-1.90,1
rl,5.742,3.4910,-0.5100,0.6760,0.8630,-0.0770,2.30,-1.60,1
rl,5.762,3.5110,-0.5130,0.6860,0.8410,-0.1440,1.50,-1.70,1
rl,5.782,3.5310,-0.5160,0.6920,0.7770,-0.1550,1.80,-1.40,1
rl,5.802,3.5510,-0.5200,0.6940,0.8030,-0.1660,1.70,-1.50,1
rl,5.822,3.5690,-0.5230,0.6930,0.8140,-0.2270,1.40,-2.00,1
rl,5.842,3.5870,-0.5270,0.6920,0.7410,-0.2210,1.70,-2.30,1
rl,5.862,3.6030,-0.5300,0.6930,0.8400,-0.2460,1.60,-2.90,1
rl,5.882,3.6190,-0.5330,0.6980,0.8570,-0.1440,1.30,-3.30,1
rl,5.902,3.6350,-0.5360,0.7010,0.8400,-0.1370,1.20,-3.40,1
rl,5.922,3.6500,-0.5380,0.7000,0.7940,-0.0900,1.40,-3.00,1
rl,5.942,3.6660,-0.5410,0.6960,0.7830,-0.1330,2.10,-3.10,1
rl,5.962,3.6810,-0.5430,0.6910,0.7940,-0.1440,2.30,-3.40,1
rl,5.982,3.6970,-0.5460,0.6880,0.7750,-0.0820,2.50,-3.30,1
rl,6.002,3.7130,-0.5480,0.6850,0.7600,-0.0450,3.00,-2.80,1
rl,6.022,3.7280,-0.5500,0.6870,0.8700,-0.0370,2.90,-2.60,1
rl,6.042,3.7430,-0.5520,0.6890,0.8560,-0.0620,2.60,-2.50,1
rl,6.062,3.7580,-0.5530,0.6880,0.7990,-0.0430,2.80,-2.20,1
rl,6.082,3.7720,-0.5540,0.6850,0.7700,0.0080,3.20,-1.40,1
rl,6.102,3.7860,-0.5540,0.6840,0.7030,0.0160,4.00,-0.50,1
rl,6.122,3.8000,-0.5540,0.6840,0.7920,-0.0170,3.60,0.20,1
rl,6.142,3.8150,-0.5540,0.6870,0.7970,-0.0310,2.90,0.80,1
rl,6.162,3.8290,-0.5550,0.6880,0.7150,-0.0180,2.70,1.70,1
rl,6.182,3.8440,-0.5550,0.6860,0.7240,-0.0730,2.80,2.00,1
rl,6.202,3.8600,-0.5560,0.6820,0.6850,-0.0230,3.20,2.20,1
rl,6.222,3.8740,-0.5570,0.6800,0.7720,-0.0290,3.20,2.30,1
rl,6.242,3.8890,-0.5590,0.6850,0.7200,-0.1250,3.10,1.60,1
rl,6.262,3.9060,-0.5600,0.6910,0.7560,-0.0690,2.60,1.30,1
rl,6.282,3.9210,-0.5620,0.6970,0.7510,-0.0640,2.30,0.80,1
rl,6.302,3.9370,-0.5630,0.6980,0.7240,0.0400,2.80,0.70,1
rl,6.322,3.9530,-0.5640,0.6960,0.7280,0.0170,3.30,1.00,1
rl,6.342,3.9680,-0.5650,0.6940,0.7530,-0.1040,3.00,0.80,1
rl,6.362,3.9830,-0.5660,0.6880,0.7430,-0.0960,3.00,0.40,1
rl,6.382,3.9980,-0.5680,0.6850,0.7900,-0.0590,3.50,0.50,1
rl,6.402,4.0120,-0.5700,0.6870,0.7730,-0.1280,3.70,0.30,1
rl,6.422,4.0280,-0.5720,0.6880,0.7910,-0.1260,3.60,0.10,1
rl,6.442,4.0430,-0.5740,0.6860,0.7530,-0.0990,4.50,0.20,1
rl,6.462,4.0600,-0.5770,0.6860,0.8090,-0.1460,4.80,0.10,1
rl,6.482,4.0760,-0.5800,0.6850,0.7750,-0.1660,5.10,-0.10,1
rl,6.502,4.0900,-0.5820,0.6850,0.7950,-0.1490,5.20,-0.30,3
rl,6.522,4.1040,-0.5850,0.6850,0.7100,-0.1390,6.00,-0.50,3
rl,6.542,4.1180,-0.5870,0.6870,0.8000,-0.1590,5.90,-0.90,3
rl,6.562,4.1320,-0.5890,0.6870,0.8000,-0.1470,5.90,-1.20,3
rl,6.582,4.1460,-0.5910,0.6830,0.7610,-0.1160,6.30,-1.30,3
rl,6.602,4.1590,-0.5930,0.6820,0.7740,-0.1530,6.10,-2.00,3
rl,6.622,4.1720,-0.5950,0.6790,0.7580,-0.1210,6.10,-2.30,3
rl,6.642,4.1850,-0.5970,0.6770,0.6840,-0.0500,6.70,-2.10,3
rl,6.662,4.2000,-0.5980,0.6770,0.8100,-0.0280,6.00,-1.90,3
rl,6.682,4.2140,-0.5990,0.6770,0.7970,-0.1120,5.10,-2.10,3
rl,6.702,4.2300,-0.6000,0.6760,0.7700,-0.0430,4.80,-1.40,3
rl,6.722,4.2440,-0.6010,0.6730,0.6350,-0.0100,5.20,-0.90,3
rl,6.742,4.2590,-0.6010,0.6710,0.7930,-0.0060,4.50,-0.40,3
rl,6.762,4.2740,-0.6030,0.6740,0.7160,-0.1380,3.60,-1.00,3
rl,6.782,4.2900,-0.6050,0.6770,0.7610,-0.0680,2.40,-1.00,3
rl,6.802,4.3050,-0.6070,0.6780,0.7180,-0.0990,2.00,-1.10,3
rl,6.822,4.3200,-0.6080,0.6800,0.6460,0.0170,2.00,-0.80,3
rl,6.842,4.3350,-0.6100,0.6800,0.6620,-0.0440,1.80,-0.60,3
rl,6.862,4.3490,-0.6110,0.6800,0.5900,0.0140,2.50,0.40,3
rl,6.882,4.3610,-0.6120,0.6820,0.6370,0.0170,3.00,1.30,3
rl,6.902,4.3740,-0.6130,0.6830,0.6800,-0.0590,3.30,1.50,3
rl,6.922,4.3870,-0.6130,0.6870,0.6330,-0.0700,4.00,1.70,3
rl,6.942,4.4000,-0.6130,0.6900,0.6350,-0.0120,4.50,2.40,3
rl,6.962,4.4130,-0.6140,0.6890,0.6670,-0.0750,5.20,2.40,3
rl,6.982,4.4280,-0.6140,0.6870,0.5520,-0.0410,6.00,2.20,3
rl,7.002,4.4430,-0.6150,0.6860,0.6990,0.0020,5.80,2.50,3
rl,7.022,4.4560,-0.6160,0.6840,0.6070,-0.0070,6.40,2.90,3
rl,7.042,4.4690,-0.6170,0.6850,0.6590,-0.0090,6.40,3.10,3
rl,7.062,4.4840,-0.6180,0.6850,0.7980,-0.0740,5.40,2.90,3
rl,7.082,4.4980,-0.6200,0.6820,0.7490,-0.0530,5.10,3.00,3
rl,7.102,4.5110,-0.6210,0.6800,0.6720,0.0080,5.40,3.60,3
rl,7.122,4.5230,-0.6220,0.6840,0.5380,0.0480,6.00,4.50,3
rl,7.142,4.5350,-0.6230,0.6870,0.7430,-0.0690,5.10,4.40,3
rl,7.162,4.5480,-0.6240,0.6860,0.7780,-0.0970,4.20,4.50,3
rl,7.182,4.5610,-0.6260,0.6820,0.7730,-0.0970,3.40,4.80,3
rl,7.202,4.5750,-0.6280,0.6780,0.7330,-0.1400,2.60,4.60,3
rl,7.222,4.5900,-0.6290,0.6750,0.7450,-0.0780,2.00,4.70,3
rl,7.242,4.6020,-0.6310,0.6750,0.5870,-0.0900,2.60,4.90,3
rl,7.262,4.6140,-0.6340,0.6780,0.4700,-0.1340,3.60,4.50,3
rl,7.282,4.6270,-0.6360,0.6790,0.6080,-0.1270,3.70,4.10,3
rl,7.302,4.6400,-0.6390,0.6790,0.5870,-0.1220,4.50,3.90,3
rl,7.322,4.6540,-0.6430,0.6800,0.6110,-0.1100,5.00,3.90,3
rl,7.342,4.6690,-0.6460,0.6800,0.7020,-0.0860,4.80,4.10,3
rl,7.362,4.6810,-0.6490,0.6850,0.5980,-0.0830,5.40,4.70,3
rl,7.382,4.6930,-0.6520,0.6910,0.6410,-0.1740,5.70,4.50,3
rl,7.402,4.7050,-0.6550,0.6930,0.6500,-0.1900,6.30,4.50,3
rl,7.422,4.7170,-0.6580,0.6920,0.6170,-0.1710,7.50,4.80,3
rl,7.442,4.7290,-0.6610,0.6900,0.6130,-0.2010,7.90,4.30,3
rl,7.462,4.7410,-0.6650,0.6880,0.6720,-0.1940,7.90,3.80,3
rl,7.482,4.7530,-0.6680,0.6830,0.5960,-0.1650,8.80,3.70,3
rl,7.502,4.7660,-0.6710,0.6830,0.6020,-0.1590,9.10,3.50,3
rl,7.522,4.7790,-0.6750,0.6840,0.7590,-0.2320,8.10,2.80,3
rl,7.542,4.7930,-0.6790,0.6820,0.6800,-0.2090,8.20,2.50,3
rl,7.562,4.8080,-0.6820,0.6800,0.6350,-0.1640,8.50,2.50,3
rl,7.582,4.8210,-0.6860,0.6820,0.7360,-0.2360,7.50,1.40,3
rl,7.602,4.8340,-0.6890,0.6850,0.7560,-0.2620,6.30,0.20,3
rl,7.622,4.8470,-0.6930,0.6860,0.6950,-0.1570,6.20,0.10,3
rl,7.642,4.8610,-0.6960,0.6880,0.6130,-0.1030,6.40,0.10,3
rl,7.662,4.8760,-0.7000,0.6880,0.7500,-0.1630,5.40,-0.40,3
rl,7.682,4.8910,-0.7030,0.6830,0.7300,-0.2350,4.80,-0.70,3
rl,7.702,4.9050,-0.7060,0.6780,0.7210,-0.1740,4.70,-0.30,3
rl,7.722,4.9190,-0.7100,0.6760,0.6870,-0.1460,4.50,0.20,3
rl,7.742,4.9340,-0.7150,0.6770,0.8060,-0.2430,3.20,-0.40,3
rl,7.762,4.9480,-0.7190,0.6780,0.7520,-0.3160,2.50,-0.90,3
rl,7.782,4.9620,-0.7240,0.6750,0.6670,-0.2060,2.70,-0.40,3
rl,7.802,4.9750,-0.7280,0.6750,0.5220,-0.1650,3.90,-0.00,3
rl,7.822,4.9890,-0.7320,0.6790,0.5960,-0.0750,4.00,0.60,3
rl,7.842,5.0020,-0.7360,0.6830,0.6290,-0.1060,4.00,1.40,3
rl,7.862,5.0160,-0.7390,0.6830,0.5840,-0.1690,4.60,2.20,3
rl,7.882,5.0280,-0.7430,0.6830,0.5950,-0.1620,5.10,2.80,3
rl,7.902,5.0410,-0.7460,0.6860,0.6410,-0.1970,5.20,2.70,3
rl,7.922,5.0540,-0.7500,0.6910,0.6480,-0.1700,5.10,2.90,3
rl,7.942,5.0680,-0.7540,0.6920,0.6330,-0.1570,5.50,3.60,3
rl,7.962,5.0820,-0.7570,0.6900,0.6450,-0.1690,5.90,3.80,3
rl,7.982,5.0950,-0.7610,0.6890,0.5850,-0.2110,6.40,3.50,3
rl,8.002,5.1090,-0.7650,0.6890,0.6650,-0.1730,6.10,3.50,0
rl,8.022,5.1220,-0.7690,0.6880,0.8100,-0.2110,5.10,3.10,0
rl,8.042,5.1340,-0.7720,0.6860,0.7900,-0.1800,4.70,2.90,0
rl,8.062,5.1450,-0.7740,0.6830,0.6700,-0.1030,5.30,3.10,0
rl,8.082,5.1540,-0.7750,0.6790,0.5490,-0.0320,7.00,3.60,0
rl,8.102,5.1630,-0.7760,0.6760,0.4540,0.0520,9.20,4.60,0
rl,8.122,5.1740,-0.7770,0.6760,0.4700,0.0860,11.00,5.80,0
rl,8.142,5.1840,-0.7770,0.6770,0.5200,0.0830,12.40,7.00,0
rl,8.162,5.1950,-0.7780,0.6770,0.5620,0.0720,13.50,8.10,0
rl,8.182,5.2050,-0.7790,0.6780,0.5880,0.0580,14.40,9.10,0
rl,8.202,5.2160,-0.7800,0.6780,0.6030,0.0460,15.20,10.20,0
rl,8.222,5.2260,-0.7810,0.6780,0.6110,0.0350,15.90,11.30,0
rl,8.242,5.2360,-0.7820,0.6780,0.6160,0.0190,16.40,12.50,0
rl,8.262,5.2470,-0.7840,0.6780,0.6230,-0.0310,16.70,13.50,0
rl,8.282,5.2570,-0.7860,0.6770,0.6270,-0.0970,16.70,14.30,0
rl,8.302,5.2680,-0.7880,0.6760,0.6200,-0.1180,16.70,15.20,0
rl,8.322,5.2780,-0.7900,0.6740,0.6080,-0.1280,16.60,16.20,0
rl,8.342,5.2880,-0.7920,0.6730,0.5980,-0.0970,16.60,17.70,0
rl,8.362,5.2980,-0.7960,0.6720,0.5830,-0.1270,16.80,19.00,0
rl,8.382,5.3070,-0.8000,0.6710,0.5730,-0.1780,17.10,20.30,0
rl,8.402,5.3170,-0.8050,0.6700,0.5660,-0.2270,17.30,21.40,0
rl,8.422,5.3260,-0.8110,0.6680,0.5580,-0.2760,17.60,22.50,0
rl,8.442,5.3350,-0.8170,0.6660,0.5460,-0.3380,17.90,23.50,0
rl,8.462,5.3450,-0.8230,0.6640,0.5400,-0.3710,18.30,24.50,0
rl,8.482,5.3540,-0.8300,0.6610,0.5380,-0.3960,18.70,25.70,0
rl,8.502,5.3640,-0.8370,0.6580,0.5390,-0.4230,19.20,27.10,0
rl,8.522,5.3730,-0.8460,0.6550,0.5430,-0.4560,19.80,28.50,0
rl,8.542,5.3820,-0.8550,0.6520,0.5490,-0.4950,20.40,30.00,0
rl,8.562,5.3920,-0.8650,0.6480,0.5560,-0.5370,21.10,31.60,0
rl,8.582,5.4020,-0.8760,0.6440,0.5660,-0.5830,22.00,33.20,0
rl,8.602,5.4120,-0.8870,0.6390,0.5780,-0.6320,22.90,34.90,0
rl,8.622,5.4220,-0.9000,0.6330,0.5910,-0.6830,23.90,36.70,0
rl,8.642,5.4320,-0.9130,0.6270,0.6060,-0.7350,25.10,38.60,0
rl,8.662,5.4430,-0.9280,0.6200,0.6230,-0.7870,26.30,40.50,0
rl,8.682,5.4540,-0.9430,0.6120,0.6420,-0.8410,27.70,42.60,0
rl,8.702,5.4650,-0.9600,0.6030,0.6610,-0.8940,29.30,44.70,0
rl,8.722,5.4770,-0.9770,0.5920,0.6810,-0.9470,31.10,47.00,0
rl,8.742,5.4890,-0.9950,0.5800,0.7010,-0.9990,33.10,49.40,0
rl,8.762,5.5020,-1.0140,0.5660,0.7210,-1.0490,35.30,52.00,0
rl,8.782,5.5150,-1.0340,0.5510,0.7380,-1.0920,37.80,54.70,2
rl,8.802,5.5280,-1.0540,0.5320,0.7380,-1.0920,40.60,57.60,2
rl,8.822,5.5410,-1.0750,0.5100,0.7380,-1.0920,43.50,60.40,2
rl,8.842,5.5540,-1.0950,0.4840,0.7380,-1.0920,46.60,63.20,2
rl,8.862,5.5670,-1.1150,0.4550,0.7380,-1.0920,49.90,66.10,2
rl,8.882,5.5800,-1.1350,0.4220,0.7380,-1.0920,53.50,69.00,2
rl,8.902,5.5940,-1.1560,0.3860,0.7380,-1.0920,57.40,71.90,2
rl,8.922,5.6070,-1.1760,0.3450,0.7380,-1.0920,61.80,74.80,2
rl,8.942,5.6200,-1.1960,0.3020,0.7380,-1.0920,66.60,77.80,2
rl,8.962,5.6330,-1.2160,0.2590,0.7380,-1.0920,72.20,81.20,2
rl,8.982,5.6490,-1.2410,0.2210,0.7380,-1.0920,79.80,85.40,2
cp,0.002,0.0370,0.0000,0.6710,0.0000,0.0000,0.00,0.00,0
cp,0.022,0.0370,0.0000,0.6690,-0.0030,0.0000,0.00,0.00,0
cp,0.042,0.0370,0.0000,0.6650,0.0400,0.0000,-0.20,0.00,0
cp,0.062,0.0380,0.0000,0.6650,0.1120,-0.0000,-1.00,0.00,0
cp,0.082,0.0380,0.0000,0.6650,0.1060,-0.0000,-1.80,-0.00,0
cp,0.102,0.0380,0.0000,0.6660,0.0540,-0.0000,-2.30,-0.00,0
cp,0.122,0.0370,0.0000,0.6660,0.0010,0.0000,-2.50,-0.00,0
cp,0.142,0.0370,0.0000,0.6660,-0.0320,0.0000,-2.50,-0.00,0
cp,0.162,0.0360,0.0000,0.6650,-0.0430,0.0000,-2.40,-0.00,0
cp,0.182,0.0360,0.0000,0.6650,-0.0390,0.0000,-2.30,-0.00,0
cp,0.202,0.0360,0.0000,0.6650,-0.0270,0.0000,-2.10,-0.00,0
cp,0.222,0.0360,0.0000,0.6650,-0.0140,0.0000,-2.00,-0.00,0
cp,0.242,0.0360,0.0000,0.6650,-0.0030,0.0000,-1.90,-0.00,0
cp,0.262,0.0360,0.0000,0.6650,0.0050,0.0000,-1.80,-0.00,0
cp,0.282,0.0360,0.0000,0.6650,0.0110,0.0000,-1.70,-0.00,0
cp,0.302,0.0370,0.0000,0.6650,0.0140,-0.0000,-1.70,-0.00,0
cp,0.322,0.0370,0.0000,0.6650,0.0160,-0.0000,-1.60,-0.00,0
cp,0.342,0.0380,0.0000,0.6650,0.0170,0.0000,-1.50,-0.00,0
cp,0.362,0.0380,0.0000,0.6650,0.0180,0.0000,-1.40,-0.00,0
cp,0.382,0.0390,0.0000,0.6650,0.0190,0.0000,-1.30,-0.00,0
cp,0.402,0.0390,0.0000,0.6650,0.0200,0.0000,-1.20,-0.00,0
cp,0.422,0.0400,0.0000,0.6650,0.0200,-0.0000,-1.10,-0.00,0
cp,0.442,0.0400,0.0000,0.6650,0.0200,-0.0000,-1.00,-0.00,0
cp,0.462,0.0410,0.0000,0.6660,0.0200,-0.0000,-0.90,-0.00,0
cp,0.482,0.0410,0.0000,0.6660,0.0190,-0.0000,-0.90,-0.00,0
cp,0.502,0.0410,0.0000,0.6660,0.0190,-0.0000,-0.80,-0.00,0
cp,0.522,0.0420,-0.0000,0.6660,0.0170,-0.0000,-0.80,-0.00,0
cp,0.542,0.0420,-0.0000,0.6660,0.0160,-0.0000,-0.70,-0.00,0
cp,0.562,0.0420,-0.0000,0.6660,0.0140,-0.0000,-0.70,0.00,0
cp,0.582,0.0420,-0.0000,0.6660,0.0120,-0.0000,-0.70,0.00,0
cp,0.602,0.0430,-0.0000,0.6660,0.0110,-0.0000,-0.70,0.00,0
cp,0.622,0.0430,-0.0000,0.6660,0.0090,-0.0000,-0.70,-0.00,0
cp,0.642,0.0430,-0.0000,0.6660,0.0070,0.0000,-0.70,-0.00,0
cp,0.662,0.0430,-0.0000,0.6660,0.0050,0.0000,-0.70,-0.00,0
cp,0.682,0.0430,-0.0000,0.6660,0.0030,0.0000,-0.70,-0.00,0
cp,0.702,0.0430,0.0000,0.6660,0.0010,0.0000,-0.70,-0.00,0
cp,0.722,0.0430,0.0000,0.6660,-0.0000,0.0000,-0.80,0.00,0
cp,0.742,0.0430,-0.0000,0.6660,-0.0020,0.0000,-0.80,0.00,0
cp,0.762,0.0430,-0.0000,0.6660,-0.0030,-0.0000,-0.80,0.00,0
cp,0.782,0.0430,-0.0000,0.6660,-0.0040,-0.0000,-0.90,0.00,0
cp,0.802,0.0420,-0.0000,0.6660,-0.0050,-0.0000,-0.90,0.00,0
cp,0.822,0.0420,-0.0000,0.6660,-0.0060,-0.0000,-0.90,0.00,0
cp,0.842,0.0420,-0.0000,0.6660,-0.0060,-0.0000,-1.00,0.00,0
cp,0.862,0.0420,-0.0000,0.6660,-0.0070,-0.0000,-1.00,0.00,0
cp,0.882,0.0420,-0.0000,0.6660,-0.0070,-0.0000,-1.00,0.00,0
cp,0.902,0.0420,-0.0000,0.6660,-0.0070,-0.0000,-1.10,0.00,0
cp,0.922,0.0410,-0.0000,0.6660,-0.0070,-0.0000,-1.10,0.00,0
cp,0.942,0.0410,-0.0000,0.6650,-0.0070,-0.0000,-1.10,0.00,0
cp,0.962,0.0410,-0.0000,0.6650,-0.0070,-0.0000,-1.10,0.00,0
cp,0.982,0.0410,-0.0000,0.6650,-0.0060,0.0000,-1.20,0.00,0
cp,1.002,0.0410,-0.0000,0.6650,-0.0060,0.0000,-1.20,-0.00,1
cp,1.022,0.0410,0.0000,0.6660,-0.0420,-0.0010,-1.00,-0.00,1
cp,1.042,0.0400,0.0000,0.6660,-0.0630,0.0010,-0.70,-0.00,1
cp,1.062,0.0400,0.0000,0.6660,-0.0550,0.0000,-0.50,-0.00,1
cp,1.082,0.0390,0.0000,0.6660,-0.0330,-0.0020,-0.50,-0.00,1
cp,1.102,0.0390,0.0000,0.6660,-0.0110,-0.0040,-0.60,-0.10,1
cp,1.122,0.0380,0.0000,0.6660,0.0050,-0.0030,-0.80,-0.20,1
cp,1.142,0.0380,0.0000,0.6660,0.0140,-0.0010,-1.10,-0.30,1
cp,1.162,0.0380,0.0010,0.6660,0.0200,0.0030,-1.40,-0.50,1
cp,1.182,0.0380,0.0010,0.6660,0.0260,0.0060,-1.80,-0.70,1
cp,1.202,0.0370,0.0020,0.6660,0.0350,0.0070,-2.20,-0.80,1
cp,1.222,0.0380,0.0020,0.6660,0.0490,0.0070,-2.50,-1.10,1
cp,1.242,0.0380,0.0030,0.6660,0.0670,0.0050,-2.90,-1.30,1
cp,1.262,0.0390,0.0030,0.6650,0.0880,0.0020,-3.20,-1.60,1
cp,1.282,0.0400,0.0040,0.6650,0.1110,-0.0020,-3.50,-1.90,1
cp,1.302,0.0410,0.0050,0.6650,0.1310,-0.0060,-3.70,-2.20,1
cp,1.322,0.0430,0.0050,0.6650,0.1480,-0.0090,-3.80,-2.60,1
cp,1.342,0.0460,0.0060,0.6650,0.1600,-0.0140,-3.80,-2.90,1
cp,1.362,0.0490,0.0070,0.6650,0.1690,-0.0230,-3.70,-3.30,1
cp,1.382,0.0520,0.0070,0.6650,0.1750,-0.0350,-3.40,-3.70,1
cp,1.402,0.0560,0.0070,0.6640,0.1820,-0.0510,-2.90,-4.20,1
cp,1.422,0.0600,0.0070,0.6640,0.1900,-0.0640,-2.30,-4.70,1
cp,1.442,0.0650,0.0070,0.6640,0.2100,-0.0700,-1.70,-5.20,1
cp,1.462,0.0710,0.0070,0.6630,0.2280,-0.0700,-1.00,-5.60,1
cp,1.482,0.0770,0.0080,0.6630,0.2350,-0.0540,-0.30,-5.80,1
cp,1.502,0.0830,0.0080,0.6620,0.2370,-0.0320,0.40,-5.80,1
cp,1.522,0.0890,0.0090,0.6620,0.2350,-0.0100,1.00,-5.60,1
cp,1.542,0.0950,0.0090,0.6620,0.2300,0.0060,1.70,-5.20,1
cp,1.562,0.1010,0.0090,0.6630,0.2040,0.0010,2.30,-4.90,1
cp,1.582,0.1050,0.0080,0.6640,0.1550,-0.0140,3.10,-4.60,1
cp,1.602,0.1090,0.0070,0.6660,0.0990,-0.0170,4.10,-4.30,1
cp,1.622,0.1120,0.0060,0.6700,0.0500,-0.0070,5.30,-3.90,1
cp,1.642,0.1150,0.0050,0.6740,0.0190,0.0090,6.50,-3.20,1
cp,1.662,0.1180,0.0030,0.6790,0.0180,0.0270,7.60,-2.40,1
cp,1.682,0.1210,0.0020,0.6850,0.0490,0.0310,8.40,-1.30,1
cp,1.702,0.1240,-0.0000,0.6920,0.1060,0.0170,8.80,-0.10,1
cp,1.722,0.1270,-0.0030,0.6990,0.1640,-0.0160,8.90,0.90,1
cp,1.742,0.1300,-0.0050,0.7040,0.2050,-0.0490,8.60,1.90,1
cp,1.762,0.1320,-0.0080,0.7060,0.2190,-0.0750,8.20,2.70,1
cp,1.782,0.1350,-0.0120,0.7070,0.2050,-0.0900,7.90,3.50,1
cp,1.802,0.1370,-0.0150,0.7060,0.1730,-0.0960,7.80,4.30,1
cp,1.822,0.1390,-0.0180,0.7050,0.0590,-0.0900,8.20,5.20,1
cp,1.842,0.1400,-0.0210,0.7050,-0.0070,-0.0690,9.00,6.30,1
cp,1.862,0.1410,-0.0240,0.7050,-0.0130,-0.0530,9.70,7.40,1
cp,1.882,0.1420,-0.0270,0.7050,0.0130,-0.0510,10.00,8.50,1
cp,1.902,0.1430,-0.0300,0.7050,0.0500,-0.0520,9.90,9.50,1
cp,1.922,0.1440,-0.0320,0.7050,0.0810,-0.0480,9.40,10.30,1
cp,1.942,0.1440,-0.0340,0.7050,0.1130,-0.0450,8.40,11.10,1
cp,1.962,0.1450,-0.0350,0.7060,0.1350,-0.0410,7.10,11.70,1
cp,1.982,0.1460,-0.0370,0.7050,0.1420,-0.0330,5.40,12.30,1
cp,2.002,0.1460,-0.0380,0.7040,0.1470,-0.0230,3.60,12.90,1
cp,2.022,0.1470,-0.0390,0.7010,0.1540,-0.0120,1.70,13.40,1
cp,2.042,0.1480,-0.0400,0.6960,0.1590,0.0030,-0.40,14.00,1
cp,2.062,0.1490,-0.0410,0.6900,0.1810,0.0240,-2.60,14.70,1
cp,2.082,0.1500,-0.0410,0.6850,0.2800,0.0580,-5.30,15.40,1
cp,2.102,0.1530,-0.0410,0.6820,0.3360,0.1130,-8.00,16.30,1
cp,2.122,0.1570,-0.0400,0.6810,0.3750,0.1670,-10.50,17.30,1
cp,2.142,0.1620,-0.0380,0.6810,0.4110,0.2120,-12.90,18.30,1
cp,2.162,0.1670,-0.0350,0.6830,0.4530,0.2570,-15.30,19.40,1
cp,2.182,0.1720,-0.0320,0.6840,0.5060,0.3090,-17.70,20.70,1
cp,2.202,0.1780,-0.0280,0.6850,0.5610,0.3460,-20.10,22.00,1
cp,2.222,0.1830,-0.0240,0.6860,0.6090,0.3590,-22.60,23.30,1
cp,2.242,0.1890,-0.0210,0.6860,0.6510,0.3550,-25.00,24.30,1
cp,2.262,0.1950,-0.0170,0.6850,0.6820,0.3490,-27.30,25.10,1
cp,2.282,0.2010,-0.0130,0.6840,0.3330,0.2460,-27.00,24.60,1
cp,2.302,0.2070,-0.0080,0.6840,0.2380,0.2010,-25.60,23.50,1
cp,2.322,0.2150,-0.0040,0.6840,0.3220,0.2020,-24.30,22.50,1
cp,2.342,0.2220,0.0000,0.6830,0.4770,0.1950,-23.60,21.50,1
cp,2.362,0.2310,0.0050,0.6830,0.6970,0.1750,-23.80,20.50,1
cp,2.382,0.2410,0.0090,0.6830,0.7450,0.1740,-23.80,19.40,1
cp,2.402,0.2530,0.0140,0.6830,0.7280,0.1800,-23.20,18.20,1
cp,2.422,0.2650,0.0190,0.6810,0.6760,0.1920,-22.10,16.90,1
cp,2.442,0.2780,0.0240,0.6780,0.6150,0.2030,-20.50,15.70,1
cp,2.462,0.2920,0.0280,0.6730,0.5420,0.2080,-18.40,14.40,1
cp,2.482,0.3060,0.0330,0.6630,0.4900,0.2010,-16.10,13.10,1
cp,2.502,0.3200,0.0380,0.6500,0.4710,0.1900,-13.80,11.90,1
cp,2.522,0.3350,0.0430,0.6390,0.5380,0.2140,-12.00,11.00,1
cp,2.542,0.3510,0.0470,0.6310,0.6190,0.2080,-10.70,10.60,1
cp,2.562,0.3680,0.0500,0.6250,0.6790,0.1880,-9.70,10.40,1
cp,2.582,0.3860,0.0530,0.6210,0.7270,0.1680,-8.90,10.20,1
cp,2.602,0.4050,0.0540,0.6170,0.7760,0.1350,-8.20,10.00,1
cp,2.622,0.4240,0.0540,0.6140,0.8250,0.0810,-7.60,9.60,1
cp,2.642,0.4440,0.0530,0.6100,0.8670,0.0020,-6.80,9.00,1
cp,2.662,0.4650,0.0500,0.6080,0.8850,-0.1420,-5.80,7.80,1
cp,2.682,0.4820,0.0470,0.6070,0.6460,-0.3660,-2.80,5.50,1
cp,2.702,0.4960,0.0450,0.6120,0.3770,-0.2910,2.00,3.30,1
cp,2.722,0.5080,0.0450,0.6230,0.2580,-0.1310,7.40,1.70,1
cp,2.742,0.5190,0.0470,0.6390,0.2320,0.0490,13.20,0.70,1
cp,2.762,0.5290,0.0490,0.6560,0.2490,0.2170,19.10,0.50,1
cp,2.782,0.5400,0.0530,0.6720,0.2890,0.3620,24.90,1.10,1
cp,2.802,0.5510,0.0580,0.6870,0.3440,0.4680,30.40,2.50,1
cp,2.822,0.5630,0.0630,0.6990,0.3750,0.5220,35.70,4.40,1
cp,2.842,0.5750,0.0680,0.7090,0.4200,0.4980,40.70,6.40,1
cp,2.862,0.5870,0.0730,0.7140,0.4940,0.4100,45.30,7.90,1
cp,2.882,0.6000,0.0790,0.7150,0.5580,0.3330,49.70,9.00,1
cp,2.902,0.6120,0.0840,0.7120,0.6210,0.2780,53.80,9.80,1
cp,2.922,0.6240,0.0890,0.7060,0.6350,0.2690,57.90,10.40,2
cp,2.942,0.6360,0.0950,0.6950,0.6350,0.2690,61.90,11.20,2
cp,2.962,0.6490,0.1000,0.6810,0.6350,0.2690,65.70,12.10,2
cp,2.982,0.6610,0.1050,0.6630,0.6350,0.2690,69.50,13.10,2
cp,3.002,0.6730,0.1110,0.6400,0.6350,0.2690,73.10,14.50,2
cp,3.022,0.6850,0.1160,0.6140,0.6350,0.2690,76.70,16.50,2
cp,3.042,0.6980,0.1210,0.5840,0.6350,0.2690,80.20,19.60,2
cp,3.062,0.7100,0.1270,0.5500,0.6350,0.2690,83.50,25.20,2
cp,3.082,0.7220,0.1320,0.5120,0.6350,0.2690,86.80,39.20,2
cp,3.102,0.7340,0.1370,0.4700,0.6350,0.2690,90.00,91.10,2
cp,3.122,0.7470,0.1430,0.4250,0.6350,0.2690,93.20,152.20,2
cp,3.142,0.7610,0.1490,0.3780,0.6350,0.2690,96.40,168.30,2
cp,3.162,0.7770,0.1550,0.3300,0.6350,0.2690,99.80,174.60,2
cp,3.182,0.7960,0.1600,0.2890,0.6350,0.2690,104.60,177.20,2
cp,3.202,0.8250,0.1620,0.2690,0.6350,0.2690,111.70,177.70,2
cp,3.222,0.8540,0.1640,0.2480,0.6350,0.2690,118.80,177.70,2
cp,3.242,0.8730,0.1650,0.2370,0.6350,0.2690,122.00,177.30,2
cp,3.262,0.8790,0.1670,0.2400,0.6350,0.2690,122.10,176.40,2
cp,3.282,0.8820,0.1690,0.2420,0.6350,0.2690,121.80,175.40,2
cp,3.302,0.8840,0.1720,0.2420,0.6350,0.2690,121.40,174.40,2
cp,3.322,0.8850,0.1740,0.2400,0.6350,0.2690,120.90,173.30,2
cp,3.342,0.8870,0.1770,0.2370,0.6350,0.2690,120.80,172.40,2
cp,3.362,0.8880,0.1790,0.2350,0.6350,0.2690,120.70,171.70,2
cp,3.382,0.8900,0.1810,0.2340,0.6350,0.2690,120.70,170.90,2
cp,3.402,0.8920,0.1830,0.2320,0.6350,0.2690,120.70,170.20,2
cp,3.422,0.8930,0.1850,0.2310,0.6350,0.2690,120.60,169.50,2
cp,3.442,0.8950,0.1870,0.2290,0.6350,0.2690,120.50,168.80,2
cp,3.462,0.8960,0.1890,0.2280,0.6350,0.2690,120.40,168.10,2
cp,3.482,0.8970,0.1920,0.2270,0.6350,0.2690,120.30,167.30,2
cp,3.502,0.8980,0.1950,0.2260,0.6350,0.2690,120.20,166.50,2
cp,3.522,0.8990,0.1980,0.2250,0.6350,0.2690,120.10,165.60,2
cp,3.542,0.9000,0.2010,0.2240,0.6350,0.2690,119.90,164.70,2
cp,3.562,0.9010,0.2040,0.2230,0.6350,0.2690,119.80,163.70,2
cp,3.582,0.9010,0.2070,0.2220,0.6350,0.2690,119.60,162.70,2
cp,3.602,0.9020,0.2110,0.2210,0.6350,0.2690,119.40,161.60,2
cp,3.622,0.9030,0.2140,0.2200,0.6350,0.2690,119.20,160.50,2
cp,3.642,0.9040,0.2180,0.2190,0.6350,0.2690,119.00,159.30,2
cp,3.662,0.9040,0.2220,0.2180,0.6350,0.2690,118.70,158.00,2
cp,3.682,0.9050,0.2270,0.2160,0.6350,0.2690,118.50,156.70,2
cp,3.702,0.9060,0.2310,0.2150,0.6350,0.2690,118.20,155.30,2
cp,3.722,0.9060,0.2360,0.2130,0.6350,0.2690,117.80,153.80,2
cp,3.742,0.9070,0.2410,0.2120,0.6350,0.2690,117.40,152.20,2
cp,3.762,0.9080,0.2470,0.2100,0.6350,0.2690,117.00,150.50,2
cp,3.782,0.9080,0.2520,0.2080,0.6350,0.2690,116.60,148.80,2
cp,3.802,0.9090,0.2570,0.2060,0.6350,0.2690,115.90,146.70,2
cp,3.822,0.9100,0.2610,0.2040,0.6350,0.2690,115.20,143.90,2
cp,3.842,0.9120,0.2640,0.2020,0.6350,0.2690,114.60,141.10,2
cp,3.862,0.9110,0.2670,0.2010,0.6350,0.2690,113.70,139.40,2
cp,3.882,0.9110,0.2700,0.2010,0.6350,0.2690,112.90,137.90,2
cp,3.902,0.9100,0.2730,0.2010,0.6350,0.2690,112.20,136.50,2
cp,3.922,0.9100,0.2760,0.2010,0.6350,0.2690,111.50,135.20,2
cp,3.942,0.9090,0.2790,0.2010,0.6350,0.2690,110.80,133.90,2
cp,3.962,0.9090,0.2810,0.2010,0.6350,0.2690,110.20,132.80,2
cp,3.982,0.9080,0.2830,0.2000,0.6350,0.2690,109.70,131.70,2
cp,4.002,0.9080,0.2850,0.2000,0.6350,0.2690,109.20,130.80,2
cp,4.022,0.9080,0.2870,0.2000,0.6350,0.2690,108.90,130.00,2
cp,4.042,0.9080,0.2880,0.2000,0.6350,0.2690,108.50,129.40,2
cp,4.062,0.9080,0.2890,0.2000,0.6350,0.2690,108.30,128.90,2
cp,4.082,0.9080,0.2890,0.2000,0.6350,0.2690,108.10,128.60,2
cp,4.102,0.9080,0.2900,0.1990,0.6350,0.2690,108.00,128.40,2
cp,4.122,0.9080,0.2900,0.1990,0.6350,0.2690,108.00,128.30,2
cp,4.142,0.9080,0.2890,0.1990,0.6350,0.2690,107.90,128.30,2
cp,4.162,0.9080,0.2890,0.1990,0.6350,0.2690,107.90,128.40,2
cp,4.182,0.9090,0.2890,0.1980,0.6350,0.2690,107.90,128.50,2
cp,4.202,0.9090,0.2880,0.1980,0.6350,0.2690,108.00,128.60,2
cp,4.222,0.9100,0.2880,0.1980,0.6350,0.2690,108.00,128.80,2
cp,4.242,0.9100,0.2870,0.1980,0.6350,0.2690,108.00,128.90,2
cp,4.262,0.9110,0.2870,0.1970,0.6350,0.2690,108.10,129.10,2
cp,4.282,0.9110,0.2860,0.1970,0.6350,0.2690,108.10,129.30,2
cp,4.302,0.9120,0.2850,0.1970,0.6350,0.2690,108.20,129.50,2
cp,4.322,0.9130,0.2840,0.1960,0.6350,0.2690,108.20,129.70,2
cp,4.342,0.9130,0.2840,0.1960,0.6350,0.2690,108.30,130.00,2
cp,4.362,0.9140,0.2830,0.1960,0.6350,0.2690,108.40,130.30,2
cp,4.382,0.9150,0.2820,0.1950,0.6350,0.2690,108.50,130.60,2
cp,4.402,0.9160,0.2810,0.1950,0.6350,0.2690,108.60,131.00,2
cp,4.422,0.9160,0.2800,0.1950,0.6350,0.2690,108.70,131.40,2
cp,4.442,0.9170,0.2790,0.1940,0.6350,0.2690,108.80,131.80,2
cp,4.462,0.9180,0.2770,0.1940,0.6350,0.2690,109.00,132.20,2
cp,4.482,0.9190,0.2760,0.1930,0.6350,0.2690,109.00,132.50,2
cp,4.502,0.9190,0.2760,0.1930,0.6350,0.2690,108.90,132.40,2
cp,4.522,0.9200,0.2760,0.1920,0.6350,0.2690,108.80,132.20,2
cp,4.542,0.9200,0.2760,0.1920,0.6350,0.2690,108.70,132.10,2
cp,4.562,0.9200,0.2760,0.1920,0.6350,0.2690,108.60,132.00,2
cp,4.582,0.9200,0.2760,0.1910,0.6350,0.2690,108.50,131.90,2
cp,4.602,0.9200,0.2760,0.1910,0.6350,0.2690,108.50,131.90,2
cp,4.622,0.9200,0.2750,0.1910,0.6350,0.2690,108.40,131.80,2
cp,4.642,0.9210,0.2750,0.1900,0.6350,0.2690,108.30,131.70,2
cp,4.662,0.9210,0.2750,0.1900,0.6350,0.2690,108.20,131.60,2
cp,4.682,0.9210,0.2750,0.1900,0.6350,0.2690,108.20,131.60,2
cp,4.702,0.9210,0.2750,0.1890,0.6350,0.2690,108.10,131.50,2
cp,4.722,0.9210,0.2750,0.1890,0.6350,0.2690,108.00,131.40,2
cp,4.742,0.9210,0.2750,0.1890,0.6350,0.2690,107.90,131.30,2
cp,4.762,0.9220,0.2750,0.1880,0.6350,0.2690,107.90,131.30,2
cp,4.782,0.9220,0.2740,0.1880,0.6350,0.2690,107.80,131.20,2
cp,4.802,0.9220,0.2740,0.1880,0.6350,0.2690,107.70,131.10,2
cp,4.822,0.9220,0.2740,0.1870,0.6350,0.2690,107.60,131.00,2
cp,4.842,0.9220,0.2740,0.1870,0.6350,0.2690,107.50,130.90,2
cp,4.862,0.9220,0.2740,0.1870,0.6350,0.2690,107.50,130.90,2
cp,4.882,0.9220,0.2740,0.1860,0.6350,0.2690,107.40,130.80,2
cp,4.902,0.9230,0.2730,0.1860,0.6350,0.2690,107.30,130.70,2
cp,4.922,0.9230,0.2730,0.1860,0.6350,0.2690,107.20,130.60,2
cp,4.942,0.9230,0.2730,0.1850,0.6350,0.2690,107.20,130.50,2
cp,4.962,0.9230,0.2730,0.1850,0.6350,0.2690,107.10,130.40,2
cp,4.982,0.9230,0.2730,0.1840,0.6350,0.2690,107.00,130.30,2
cp,5.002,0.9230,0.2730,0.1840,0.6350,0.2690,106.90,130.20,2
cp,5.022,0.9230,0.2720,0.1840,0.6350,0.2690,106.80,130.10,2
cp,5.042,0.9230,0.2720,0.1830,0.6350,0.2690,106.80,130.00,2
cp,5.062,0.9240,0.2720,0.1830,0.6350,0.2690,106.70,130.00,2
cp,5.082,0.9240,0.2720,0.1830,0.6350,0.2690,106.60,129.90,2
cp,5.102,0.9240,0.2720,0.1820,0.6350,0.2690,106.50,129.70,2
cp,5.122,0.9240,0.2720,0.1820,0.6350,0.2690,106.40,129.60,2
cp,5.142,0.9240,0.2710,0.1810,0.6350,0.2690,106.30,129.50,2
cp,5.162,0.9240,0.2710,0.1810,0.6350,0.2690,106.30,129.40,2
cp,5.182,0.9240,0.2710,0.1810,0.6350,0.2690,106.20,129.30,2
cp,5.202,0.9240,0.2710,0.1800,0.6350,0.2690,106.10,129.20,2
cp,5.222,0.9240,0.2710,0.1800,0.6350,0.2690,106.00,129.10,2
cp,5.242,0.9250,0.2710,0.1790,0.6350,0.2690,105.90,129.00,2
cp,5.262,0.9250,0.2700,0.1790,0.6350,0.2690,105.80,128.90,2
cp,5.282,0.9250,0.2700,0.1790,0.6350,0.2690,105.80,128.80,2
cp,5.302,0.9250,0.2700,0.1780,0.6350,0.2690,105.70,128.70,2
cp,5.322,0.9250,0.2700,0.1780,0.6350,0.2690,105.60,128.60,2
cp,5.342,0.9250,0.2700,0.1780,0.6350,0.2690,105.60,128.50,2
cp,5.362,0.9250,0.2700,0.1770,0.6350,0.2690,105.50,128.40,2
cp,5.382,0.9250,0.2700,0.1770,0.6350,0.2690,105.40,128.30,2
cp,5.402,0.9260,0.2690,0.1770,0.6350,0.2690,105.30,128.20,2
cp,5.422,0.9260,0.2690,0.1760,0.6350,0.2690,105.30,128.10,2
cp,5.442,0.9260,0.2690,0.1760,0.6350,0.2690,105.20,128.00,2
cp,5.462,0.9260,0.2690,0.1760,0.6350,0.2690,105.10,127.90,2
cp,5.482,0.9260,0.2690,0.1750,0.6350,0.2690,105.10,127.80,2
cp,5.502,0.9260,0.2690,0.1750,0.6350,0.2690,105.00,127.70,2
cp,5.522,0.9260,0.2690,0.1750,0.6350,0.2690,104.90,127.60,2
cp,5.542,0.9260,0.2690,0.1740,0.6350,0.2690,104.80,127.40,2
cp,5.562,0.9260,0.2690,0.1740,0.6350,0.2690,104.70,127.30,2
cp,5.582,0.9260,0.2680,0.1740,0.6350,0.2690,104.70,127.20,2
cp,5.602,0.9260,0.2680,0.1740,0.6350,0.2690,104.60,127.10,2
cp,5.622,0.9260,0.2680,0.1730,0.6350,0.2690,104.50,126.90,2
cp,5.642,0.9260,0.2680,0.1730,0.6350,0.2690,104.40,126.80,2
cp,5.662,0.9260,0.2680,0.1730,0.6350,0.2690,104.30,126.70,2
cp,5.682,0.9260,0.2680,0.1730,0.6350,0.2690,104.20,126.60,2
cp,5.702,0.9260,0.2680,0.1720,0.6350,0.2690,104.20,126.40,2
cp,5.722,0.9260,0.2670,0.1720,0.6350,0.2690,104.10,126.30,2
cp,5.742,0.9260,0.2670,0.1720,0.6350,0.2690,104.00,126.20,2
cp,5.762,0.9260,0.2670,0.1710,0.6350,0.2690,103.90,126.00,2
cp,5.782,0.9260,0.2670,0.1710,0.6350,0.2690,103.80,125.90,2
cp,5.802,0.9260,0.2670,0.1710,0.6350,0.2690,103.70,125.80,2
cp,5.822,0.9260,0.2670,0.1700,0.6350,0.2690,103.60,125.60,2
cp,5.842,0.9260,0.2660,0.1700,0.6350,0.2690,103.50,125.50,2
cp,5.862,0.9260,0.2660,0.1700,0.6350,0.2690,103.50,125.30,2
cp,5.882,0.9260,0.2660,0.1700,0.6350,0.2690,103.40,125.20,2
cp,5.902,0.9260,0.2660,0.1690,0.6350,0.2690,103.30,125.00,2
cp,5.922,0.9260,0.2660,0.1690,0.6350,0.2690,103.20,124.90,2
cp,5.942,0.9250,0.2660,0.1690,0.6350,0.2690,103.10,124.70,2
cp,5.962,0.9250,0.2650,0.1680,0.6350,0.2690,103.00,124.60,2
cp,5.982,0.9250,0.2650,0.1680,0.6350,0.2690,102.90,124.40,2
cp,6.002,0.9250,0.2650,0.1680,0.6350,0.2690,102.80,124.30,2
cp,6.022,0.9250,0.2650,0.1670,0.6350,0.2690,102.70,124.10,2
cp,6.042,0.9250,0.2650,0.1670,0.6350,0.2690,102.60,123.90,2
cp,6.062,0.9250,0.2640,0.1670,0.6350,0.2690,102.50,123.80,2
cp,6.082,0.9250,0.2640,0.1660,0.6350,0.2690,102.40,123.60,2
cp,6.102,0.9250,0.2640,0.1660,0.6350,0.2690,102.30,123.40,2
cp,6.122,0.9250,0.2640,0.1660,0.6350,0.2690,102.20,123.30,2
cp,6.142,0.9250,0.2630,0.1650,0.6350,0.2690,102.10,123.10,2
cp,6.162,0.9240,0.2630,0.1650,0.6350,0.2690,102.00,122.90,2
cp,6.182,0.9240,0.2630,0.1650,0.6350,0.2690,101.90,122.70,2
cp,6.202,0.9240,0.2630,0.1640,0.6350,0.2690,101.80,122.60,2
cp,6.222,0.9240,0.2620,0.1640,0.6350,0.2690,101.70,122.40,2
cp,6.242,0.9240,0.2620,0.1640,0.6350,0.2690,101.60,122.20,2
cp,6.262,0.9240,0.2620,0.1630,0.6350,0.2690,101.50,122.00,2
cp,6.282,0.9240,0.2620,0.1630,0.6350,0.2690,101.40,121.80,2
cp,6.302,0.9240,0.2610,0.1620,0.6350,0.2690,101.30,121.60,2
cp,6.322,0.9230,0.2610,0.1620,0.6350,0.2690,101.20,121.40,2
cp,6.342,0.9230,0.2610,0.1620,0.6350,0.2690,101.10,121.20,2
cp,6.362,0.9230,0.2610,0.1610,0.6350,0.2690,101.00,121.00,2
cp,6.382,0.9230,0.2600,0.1610,0.6350,0.2690,100.90,120.80,2
cp,6.402,0.9230,0.2600,0.1600,0.6350,0.2690,100.80,120.60,2
cp,6.422,0.9230,0.2600,0.1600,0.6350,0.2690,100.70,120.40,2
cp,6.442,0.9230,0.2590,0.1600,0.6350,0.2690,100.60,120.20,2
cp,6.462,0.9220,0.2590,0.1590,0.6350,0.2690,100.50,119.90,2
cp,6.482,0.9220,0.2590,0.1590,0.6350,0.2690,100.40,119.70,2
cp,6.502,0.9220,0.2590,0.1580,0.6350,0.2690,100.20,119.50,2
cp,6.522,0.9220,0.2580,0.1580,0.6350,0.2690,100.10,119.30,2
cp,6.542,0.9220,0.2580,0.1580,0.6350,0.2690,100.00,119.00,2
cp,6.562,0.9210,0.2580,0.1570,0.6350,0.2690,99.90,118.80,2
cp,6.582,0.9210,0.2570,0.1570,0.6350,0.2690,99.80,118.50,2
cp,6.602,0.9210,0.2570,0.1560,0.6350,0.2690,99.70,118.30,2
cp,6.622,0.9210,0.2570,0.1560,0.6350,0.2690,99.50,118.00,2
cp,6.642,0.9210,0.2560,0.1550,0.6350,0.2690,99.40,117.80,2
cp,6.662,0.9210,0.2560,0.1550,0.6350,0.2690,99.30,117.50,2
cp,6.682,0.9200,0.2560,0.1540,0.6350,0.2690,99.20,117.20,2
cp,6.702,0.9200,0.2550,0.1540,0.6350,0.2690,99.00,117.00,2
cp,6.722,0.9200,0.2550,0.1530,0.6350,0.2690,98.90,116.70,2
cp,6.742,0.9200,0.2540,0.1530,0.6350,0.2690,98.80,116.40,2
cp,6.762,0.9190,0.2540,0.1530,0.6350,0.2690,98.70,116.10,2
cp,6.782,0.9190,0.2540,0.1520,0.6350,0.2690,98.50,115.80,2
cp,6.802,0.9190,0.2530,0.1510,0.6350,0.2690,98.40,115.50,2
cp,6.822,0.9190,0.2530,0.1510,0.6350,0.2690,98.30,115.20,2
cp,6.842,0.9180,0.2520,0.1500,0.6350,0.2690,98.10,114.80,2
cp,6.862,0.9180,0.2520,0.1500,0.6350,0.2690,98.00,114.50,2
cp,6.882,0.9180,0.2520,0.1490,0.6350,0.2690,97.80,114.20,2
cp,6.902,0.9180,0.2510,0.1490,0.6350,0.2690,97.70,113.80,2
cp,6.922,0.9170,0.2510,0.1480,0.6350,0.2690,97.50,113.50,2
cp,6.942,0.9170,0.2510,0.1480,0.6350,0.2690,97.50,113.30,2
cp,6.962,0.9170,0.2510,0.1480,0.6350,0.2690,97.40,113.10,2
cp,6.982,0.9170,0.2510,0.1480,0.6350,0.2690,97.30,112.90,2
cp,7.002,0.9170,0.2510,0.1480,0.6350,0.2690,97.30,112.80,2
cp,7.022,0.9170,0.2510,0.1480,0.6350,0.2690,97.20,112.60,2
cp,7.042,0.9170,0.2520,0.1480,0.6350,0.2690,97.20,112.40,2
cp,7.062,0.9170,0.2520,0.1480,0.6350,0.2690,97.10,112.20,2
cp,7.082,0.9170,0.2520,0.1480,0.6350,0.2690,97.00,112.10,2
cp,7.102,0.9170,0.2520,0.1480,0.6350,0.2690,97.00,111.90,2
cp,7.122,0.9170,0.2520,0.1470,0.6350,0.2690,96.90,111.70,2
cp,7.142,0.9170,0.2520,0.1470,0.6350,0.2690,96.80,111.60,2
cp,7.162,0.9170,0.2520,0.1470,0.6350,0.2690,96.80,111.40,2
cp,7.182,0.9170,0.2520,0.1470,0.6350,0.2690,96.70,111.20,2
cp,7.202,0.9170,0.2520,0.1470,0.6350,0.2690,96.70,111.00,2
cp,7.222,0.9170,0.2530,0.1470,0.6350,0.2690,96.60,110.90,2
cp,7.242,0.9170,0.2530,0.1470,0.6350,0.2690,96.50,110.70,2
cp,7.262,0.9170,0.2530,0.1470,0.6350,0.2690,96.50,110.50,2
cp,7.282,0.9170,0.2530,0.1470,0.6350,0.2690,96.40,110.40,2
cp,7.302,0.9170,0.2530,0.1470,0.6350,0.2690,96.40,110.20,2
cp,7.322,0.9170,0.2530,0.1470,0.6350,0.2690,96.30,110.00,2
cp,7.342,0.9170,0.2530,0.1470,0.6350,0.2690,96.20,109.90,2
cp,7.362,0.9170,0.2530,0.1470,0.6350,0.2690,96.20,109.70,2
cp,7.382,0.9170,0.2530,0.1470,0.6350,0.2690,96.10,109.50,2
cp,7.402,0.9170,0.2540,0.1460,0.6350,0.2690,96.10,109.40,2
cp,7.422,0.9170,0.2540,0.1460,0.6350,0.2690,96.00,109.20,2
cp,7.442,0.9170,0.2540,0.1460,0.6350,0.2690,95.90,109.00,2
cp,7.462,0.9170,0.2540,0.1460,0.6350,0.2690,95.90,108.90,2
cp,7.482,0.9170,0.2540,0.1460,0.6350,0.2690,95.80,108.70,2
cp,7.502,0.9170,0.2540,0.1460,0.6350,0.2690,95.80,108.50,2
cp,7.522,0.9170,0.2540,0.1460,0.6350,0.2690,95.70,108.40,2
cp,7.542,0.9170,0.2540,0.1460,0.6350,0.2690,95.70,108.20,2
cp,7.562,0.9160,0.2540,0.1460,0.6350,0.2690,95.60,108.10,2
cp,7.582,0.9160,0.2550,0.1460,0.6350,0.2690,95.60,107.90,2
cp,7.602,0.9160,0.2550,0.1460,0.6350,0.2690,95.50,107.70,2
cp,7.622,0.9160,0.2550,0.1460,0.6350,0.2690,95.40,107.60,2
cp,7.642,0.9160,0.2550,0.1460,0.6350,0.2690,95.40,107.40,2
cp,7.662,0.9160,0.2550,0.1460,0.6350,0.2690,95.30,107.30,2
cp,7.682,0.9160,0.2550,0.1450,0.6350,0.2690,95.30,107.10,2
cp,7.702,0.9160,0.2550,0.1450,0.6350,0.2690,95.20,106.90,2
cp,7.722,0.9160,0.2550,0.1450,0.6350,0.2690,95.20,106.80,2
cp,7.742,0.9160,0.2550,0.1450,0.6350,0.2690,95.10,106.60,2
cp,7.762,0.9160,0.2550,0.1450,0.6350,0.2690,95.10,106.50,2
cp,7.782,0.9160,0.2560,0.1450,0.6350,0.2690,95.00,106.30,2
cp,7.802,0.9160,0.2560,0.1450,0.6350,0.2690,95.00,106.10,2
cp,7.822,0.9160,0.2560,0.1450,0.6350,0.2690,94.90,106.00,2
cp,7.842,0.9160,0.2560,0.1450,0.6350,0.2690,94.80,105.80,2
cp,7.862,0.9160,0.2560,0.1450,0.6350,0.2690,94.80,105.70,2
cp,7.882,0.9160,0.2560,0.1450,0.6350,0.2690,94.70,105.50,2
cp,7.902,0.9160,0.2560,0.1450,0.6350,0.2690,94.70,105.30,2
cp,7.922,0.9160,0.2560,0.1450,0.6350,0.2690,94.60,105.20,2
cp,7.942,0.9160,0.2560,0.1450,0.6350,0.2690,94.60,105.00,2
cp,7.962,0.9160,0.2560,0.1440,0.6350,0.2690,94.50,104.90,2
cp,7.982,0.9160,0.2560,0.1440,0.6350,0.2690,94.50,104.70,2
cp,8.002,0.9160,0.2570,0.1440,0.6350,0.2690,94.40,104.60,2
cp,8.022,0.9160,0.2570,0.1440,0.6350,0.2690,94.40,104.40,2
cp,8.042,0.9160,0.2570,0.1440,0.6350,0.2690,94.30,104.30,2
cp,8.062,0.9160,0.2570,0.1440,0.6350,0.2690,94.30,104.10,2
cp,8.082,0.9160,0.2570,0.1440,0.6350,0.2690,94.20,104.00,2
cp,8.102,0.9150,0.2570,0.1440,0.6350,0.2690,94.20,103.80,2
cp,8.122,0.9150,0.2570,0.1440,0.6350,0.2690,94.10,103.60,2
cp,8.142,0.9150,0.2570,0.1440,0.6350,0.2690,94.10,103.50,2
cp,8.162,0.9150,0.2570,0.1440,0.6350,0.2690,94.00,103.30,2
cp,8.182,0.9150,0.2570,0.1440,0.6350,0.2690,94.00,103.20,2
cp,8.202,0.9150,0.2570,0.1440,0.6350,0.2690,93.90,103.00,2
cp,8.222,0.9150,0.2580,0.1440,0.6350,0.2690,93.90,102.90,2
cp,8.242,0.9150,0.2580,0.1440,0.6350,0.2690,93.80,102.70,2
cp,8.262,0.9150,0.2580,0.1430,0.6350,0.2690,93.80,102.60,2
cp,8.282,0.9150,0.2580,0.1430,0.6350,0.2690,93.70,102.40,2
cp,8.302,0.9150,0.2580,0.1430,0.6350,0.2690,93.70,102.30,2
cp,8.322,0.9150,0.2580,0.1430,0.6350,0.2690,93.60,102.10,2
cp,8.342,0.9150,0.2580,0.1430,0.6350,0.2690,93.60,102.00,2
cp,8.362,0.9150,0.2580,0.1430,0.6350,0.2690,93.50,101.80,2
cp,8.382,0.9150,0.2580,0.1430,0.6350,0.2690,93.50,101.70,2
cp,8.402,0.9150,0.2580,0.1430,0.6350,0.2690,93.40,101.50,2
cp,8.422,0.9150,0.2580,0.1430,0.6350,0.2690,93.40,101.40,2
cp,8.442,0.9150,0.2580,0.1430,0.6350,0.2690,93.40,101.20,2
cp,8.462,0.9150,0.2580,0.1430,0.6350,0.2690,93.30,101.10,2
cp,8.482,0.9150,0.2590,0.1430,0.6350,0.2690,93.30,101.00,2
cp,8.502,0.9150,0.2590,0.1430,0.6350,0.2690,93.20,100.80,2
cp,8.522,0.9150,0.2590,0.1430,0.6350,0.2690,93.20,100.70,2
cp,8.542,0.9150,0.2590,0.1430,0.6350,0.2690,93.10,100.50,2
cp,8.562,0.9150,0.2590,0.1430,0.6350,0.2690,93.10,100.40,2
cp,8.582,0.9150,0.2590,0.1420,0.6350,0.2690,93.00,100.20,2
cp,8.602,0.9150,0.2590,0.1420,0.6350,0.2690,93.00,100.10,2
cp,8.622,0.9150,0.2590,0.1420,0.6350,0.2690,92.90,99.90,2
cp,8.642,0.9140,0.2590,0.1420,0.6350,0.2690,92.90,99.80,2
cp,8.662,0.9140,0.2590,0.1420,0.6350,0.2690,92.80,99.60,2
cp,8.682,0.9140,0.2590,0.1420,0.6350,0.2690,92.80,99.50,2
cp,8.702,0.9140,0.2590,0.1420,0.6350,0.2690,92.80,99.40,2
cp,8.722,0.9140,0.2590,0.1420,0.6350,0.2690,92.70,99.20,2
cp,8.742,0.9140,0.2600,0.1420,0.6350,0.2690,92.70,99.10,2
cp,8.762,0.9140,0.2600,0.1420,0.6350,0.2690,92.60,98.90,2
cp,8.782,0.9140,0.2600,0.1420,0.6350,0.2690,92.60,98.80,2
cp,8.802,0.9140,0.2600,0.1420,0.6350,0.2690,92.50,98.60,2
cp,8.822,0.9140,0.2600,0.1420,0.6350,0.2690,92.50,98.50,2
cp,8.842,0.9140,0.2600,0.1420,0.6350,0.2690,92.40,98.40,2
cp,8.862,0.9140,0.2600,0.1420,0.6350,0.2690,92.40,98.20,2
cp,8.882,0.9140,0.2600,0.1420,0.6350,0.2690,92.40,98.10,2
cp,8.902,0.9140,0.2600,0.1420,0.6350,0.2690,92.30,97.90,2
cp,8.922,0.9140,0.2600,0.1410,0.6350,0.2690,92.30,97.80,2
cp,8.942,0.9140,0.2600,0.1410,0.6350,0.2690,92.20,97.70,2
cp,8.962,0.9140,0.2600,0.1410,0.6350,0.2690,92.20,97.50,2
cp,8.982,0.9140,0.2600,0.1410,0.6350,0.2690,92.10,97.40,2
